task_id,uid,uid_num,runner,lane,status,reward,difficulty,domain_family,operation_family,phase1_feasibility,phase1_computation_type,goose_total_tokens,tool_request_total,mcp_tool_request_total,message_count,thinking_chars,text_chars,openrouter_rows_matched,openrouter_cost_total,openrouter_tokens_prompt,openrouter_tokens_completion,openrouter_tokens_reasoning,openrouter_tokens_cached,usd_per_1k_goose_tokens,exception_path,trial_dir
officeqa-uid0001,UID0001,1,officeqa-big-runner-01,,failed,0.0,hard,budget_and_receipts,lookup_or_aggregation,,,,2,0,151,1126,177,42,0.100866,903657,10041,7576,881392,,/Users/jwalinshah/projects/officeqa-arena/results/runner_pool/pool-20260402T094504Z/full_traces/officeqa-big-runner-01/.arena/runs/run-20260402-094649-89ff5c/pool-20260402T094504Z-officeqa-big-runner-01-lane1-officeqa-uid0001/officeqa-uid0001__62T9vTP/exception.txt,/Users/jwalinshah/projects/officeqa-arena/results/runner_pool/pool-20260402T094504Z/full_traces/officeqa-big-runner-01/.arena/runs/run-20260402-094649-89ff5c/pool-20260402T094504Z-officeqa-big-runner-01-lane1-officeqa-uid0001/officeqa-uid0001__62T9vTP
officeqa-uid0002,UID0002,2,officeqa-big-runner-01,,passed,1.0,easy,budget_and_receipts,lookup_or_aggregation,,,27278,28,8,3489,29631,1386,0,0,0,0,0,0,0.0,,/Users/jwalinshah/projects/officeqa-arena/results/runner_pool/pool-20260402T094504Z/full_traces/officeqa-big-runner-01/.arena/runs/run-20260402-094649-1e563a/pool-20260402T094504Z-officeqa-big-runner-01-lane2-officeqa-uid0002/officeqa-uid0002__7xU9cAK
officeqa-uid0003,UID0003,3,officeqa-big-runner-01,,passed,1.0,hard,budget_and_receipts,lookup_or_aggregation,,,33659,41,7,10509,71382,1774,18,0.018369,144887,3155,2256,115360,0.000546,,/Users/jwalinshah/projects/officeqa-arena/results/runner_pool/pool-20260402T094504Z/full_traces/officeqa-big-runner-01/.arena/runs/run-20260402-094649-9b416b/pool-20260402T094504Z-officeqa-big-runner-01-lane3-officeqa-uid0003/officeqa-uid0003__MgveaXV
officeqa-uid0004,UID0004,4,officeqa-big-runner-01,,passed,1.0,hard,budget_and_receipts,comparison,,,21286,32,13,5711,35661,1759,0,0,0,0,0,0,0.0,,/Users/jwalinshah/projects/officeqa-arena/results/runner_pool/pool-20260402T094504Z/full_traces/officeqa-big-runner-01/.arena/runs/run-20260402-094649-f138ff/pool-20260402T094504Z-officeqa-big-runner-01-lane4-officeqa-uid0004/officeqa-uid0004__ycn3njy
officeqa-uid0005,UID0005,5,officeqa-big-runner-02,,passed,1.0,hard,budget_and_receipts,comparison,,,51145,49,12,7385,51508,2587,60,0.117787,1052660,11137,7533,983936,0.002303,,/Users/jwalinshah/projects/officeqa-arena/results/runner_pool/pool-20260402T094504Z/full_traces/officeqa-big-runner-02/.arena/runs/run-20260402-094652-64b946/pool-20260402T094504Z-officeqa-big-runner-02-lane1-officeqa-uid0005/officeqa-uid0005__Hp4MH6V
officeqa-uid0006,UID0006,6,officeqa-big-runner-02,,passed,1.0,easy,debt_and_international,lookup_or_aggregation,?,?,31342,30,1,5570,40838,2063,0,0,0,0,0,0,0.0,,/Users/jwalinshah/projects/officeqa-arena/results/runner_pool/pool-20260402T094504Z/full_traces/officeqa-big-runner-02/.arena/runs/run-20260402-094652-e501a6/pool-20260402T094504Z-officeqa-big-runner-02-lane2-officeqa-uid0006/officeqa-uid0006__4nbRHCw
officeqa-uid0007,UID0007,7,officeqa-big-runner-02,,failed,0.0,hard,budget_and_receipts,statistical,,,,81,5,8142,64803,1807,27,0.042045,346225,6494,5024,303328,,/Users/jwalinshah/projects/officeqa-arena/results/runner_pool/pool-20260402T094504Z/full_traces/officeqa-big-runner-02/.arena/runs/run-20260402-094652-52886e/pool-20260402T094504Z-officeqa-big-runner-02-lane3-officeqa-uid0007/officeqa-uid0007__NVdYmps/exception.txt,/Users/jwalinshah/projects/officeqa-arena/results/runner_pool/pool-20260402T094504Z/full_traces/officeqa-big-runner-02/.arena/runs/run-20260402-094652-52886e/pool-20260402T094504Z-officeqa-big-runner-02-lane3-officeqa-uid0007/officeqa-uid0007__NVdYmps
officeqa-uid0008,UID0008,8,officeqa-big-runner-02,,failed,0.0,easy,budget_and_receipts,lookup_or_aggregation,,,29642,35,3,9481,78708,1249,0,0,0,0,0,0,0.0,,/Users/jwalinshah/projects/officeqa-arena/results/runner_pool/pool-20260402T094504Z/full_traces/officeqa-big-runner-02/.arena/runs/run-20260402-094652-78c742/pool-20260402T094504Z-officeqa-big-runner-02-lane4-officeqa-uid0008/officeqa-uid0008__7fipZCq
officeqa-uid0009,UID0009,9,officeqa-big-runner-01,,passed,1.0,hard,fx,lookup_or_aggregation,,,15921,22,6,6378,35624,2123,34,0.087514,730365,13954,10291,705184,0.005497,,/Users/jwalinshah/projects/officeqa-arena/results/runner_pool/pool-20260402T094504Z/full_traces/officeqa-big-runner-01/.arena/runs/run-20260402-095037-9bd9af/pool-20260402T094504Z-officeqa-big-runner-01-lane1-officeqa-uid0009/officeqa-uid0009__j8bBUGp
officeqa-uid0010,UID0010,10,officeqa-big-runner-01,,passed,1.0,hard,fx,comparison,,,32669,46,11,8598,64616,1318,56,0.128333,1158981,11394,8262,1107808,0.003928,,/Users/jwalinshah/projects/officeqa-arena/results/runner_pool/pool-20260402T094504Z/full_traces/officeqa-big-runner-01/.arena/runs/run-20260402-095345-c99114/pool-20260402T094504Z-officeqa-big-runner-01-lane2-officeqa-uid0010/officeqa-uid0010__wb3FWRV
officeqa-uid0011,UID0011,11,officeqa-big-runner-01,,failed,0.0,easy,rates_and_securities,lookup_or_aggregation,,,,1,0,160,1116,195,26,0.039354,350215,3709,2105,320896,,/Users/jwalinshah/projects/officeqa-arena/results/runner_pool/pool-20260402T094504Z/full_traces/officeqa-big-runner-01/.arena/runs/run-20260402-095656-82e7e7/pool-20260402T094504Z-officeqa-big-runner-01-lane3-officeqa-uid0011/officeqa-uid0011__BHVXQyB/exception.txt,/Users/jwalinshah/projects/officeqa-arena/results/runner_pool/pool-20260402T094504Z/full_traces/officeqa-big-runner-01/.arena/runs/run-20260402-095656-82e7e7/pool-20260402T094504Z-officeqa-big-runner-01-lane3-officeqa-uid0011/officeqa-uid0011__BHVXQyB
officeqa-uid0012,UID0012,12,officeqa-big-runner-01,,failed,0.0,hard,other,lookup_or_aggregation,,,41585,35,5,4130,33254,1458,28,0.059801,518487,7344,5633,490928,0.001438,,/Users/jwalinshah/projects/officeqa-arena/results/runner_pool/pool-20260402T094504Z/full_traces/officeqa-big-runner-01/.arena/runs/run-20260402-095541-4fd37b/pool-20260402T094504Z-officeqa-big-runner-01-lane4-officeqa-uid0012/officeqa-uid0012__75kGoFx
officeqa-uid0013,UID0013,13,officeqa-big-runner-02,,failed,0.0,hard,budget_and_receipts,statistical,,,56308,81,12,5034,69684,1112,51,0.097422,834332,13157,10174,795136,0.00173,,/Users/jwalinshah/projects/officeqa-arena/results/runner_pool/pool-20260402T094504Z/full_traces/officeqa-big-runner-02/.arena/runs/run-20260402-095926-dc1965/pool-20260402T094504Z-officeqa-big-runner-02-lane1-officeqa-uid0013/officeqa-uid0013__QvbtxtN
officeqa-uid0014,UID0014,14,officeqa-big-runner-02,,failed,0.0,easy,budget_and_receipts,statistical,,,,111,16,18340,202004,828,14,0.012109,96219,1874,1198,71744,,/Users/jwalinshah/projects/officeqa-arena/results/runner_pool/pool-20260402T094504Z/full_traces/officeqa-big-runner-02/.arena/runs/run-20260402-095507-01ad00/pool-20260402T094504Z-officeqa-big-runner-02-lane2-officeqa-uid0014/officeqa-uid0014__sQTT9sw/exception.txt,/Users/jwalinshah/projects/officeqa-arena/results/runner_pool/pool-20260402T094504Z/full_traces/officeqa-big-runner-02/.arena/runs/run-20260402-095507-01ad00/pool-20260402T094504Z-officeqa-big-runner-02-lane2-officeqa-uid0014/officeqa-uid0014__sQTT9sw
officeqa-uid0015,UID0015,15,officeqa-big-runner-02,,failed,0.0,hard,budget_and_receipts,comparison,,,25141,27,9,5199,32578,1688,3,0.009656,76914,1956,1765,76416,0.000384,,/Users/jwalinshah/projects/officeqa-arena/results/runner_pool/pool-20260402T094504Z/full_traces/officeqa-big-runner-02/.arena/runs/run-20260402-100323-76267e/pool-20260402T094504Z-officeqa-big-runner-02-lane3-officeqa-uid0015/officeqa-uid0015__yasLemb
officeqa-uid0016,UID0016,16,officeqa-big-runner-02,,failed,0.0,easy,budget_and_receipts,lookup_or_aggregation,,,32627,46,8,24466,153975,1479,6,0.013379,112404,2022,1239,106480,0.00041,,/Users/jwalinshah/projects/officeqa-arena/results/runner_pool/pool-20260402T094504Z/full_traces/officeqa-big-runner-02/.arena/runs/run-20260402-095626-46cd3d/pool-20260402T094504Z-officeqa-big-runner-02-lane4-officeqa-uid0016/officeqa-uid0016__vLz84Nb
officeqa-uid0017,UID0017,17,officeqa-big-runner-01,,passed,1.0,hard,other,lookup_or_aggregation,,,12787,18,3,3825,28306,1976,55,0.113678,1002205,12306,7749,945200,0.00889,,/Users/jwalinshah/projects/officeqa-arena/results/runner_pool/pool-20260402T094504Z/full_traces/officeqa-big-runner-01/.arena/runs/run-20260402-095647-ecec72/pool-20260402T094504Z-officeqa-big-runner-01-lane1-officeqa-uid0017/officeqa-uid0017__Xxymtf8
officeqa-uid0018,UID0018,18,officeqa-big-runner-01,,failed,0.0,hard,budget_and_receipts,statistical,,,55021,84,2,10589,64739,830,0,0,0,0,0,0,0.0,,/Users/jwalinshah/projects/officeqa-arena/results/runner_pool/pool-20260402T094504Z/full_traces/officeqa-big-runner-01/.arena/runs/run-20260402-100013-1d4f71/pool-20260402T094504Z-officeqa-big-runner-01-lane2-officeqa-uid0018/officeqa-uid0018__dS2dVXM
officeqa-uid0019,UID0019,19,officeqa-big-runner-01,,failed,0.0,hard,fx,comparison,,,16826,23,5,5050,33526,989,12,0.032747,264900,6161,5168,259760,0.001946,,/Users/jwalinshah/projects/officeqa-arena/results/runner_pool/pool-20260402T094504Z/full_traces/officeqa-big-runner-01/.arena/runs/run-20260402-095920-e30ee8/pool-20260402T094504Z-officeqa-big-runner-01-lane3-officeqa-uid0019/officeqa-uid0019__hTx5LYM
officeqa-uid0020,UID0020,20,officeqa-big-runner-01,,failed,0.0,easy,other,lookup_or_aggregation,,,14927,21,7,6951,51515,1370,0,0,0,0,0,0,0.0,,/Users/jwalinshah/projects/officeqa-arena/results/runner_pool/pool-20260402T094504Z/full_traces/officeqa-big-runner-01/.arena/runs/run-20260402-100024-3e1a45/pool-20260402T094504Z-officeqa-big-runner-01-lane4-officeqa-uid0020/officeqa-uid0020__YrNuKmQ
officeqa-uid0021,UID0021,21,officeqa-big-runner-02,,failed,0.0,easy,budget_and_receipts,lookup_or_aggregation,,,,63,6,25308,186307,414,0,0,0,0,0,0,,/Users/jwalinshah/projects/officeqa-arena/results/runner_pool/pool-20260402T094504Z/full_traces/officeqa-big-runner-02/.arena/runs/run-20260402-101212-7171fd/pool-20260402T094504Z-officeqa-big-runner-02-lane1-officeqa-uid0021/officeqa-uid0021__uDqRasV/exception.txt,/Users/jwalinshah/projects/officeqa-arena/results/runner_pool/pool-20260402T094504Z/full_traces/officeqa-big-runner-02/.arena/runs/run-20260402-101212-7171fd/pool-20260402T094504Z-officeqa-big-runner-02-lane1-officeqa-uid0021/officeqa-uid0021__uDqRasV
officeqa-uid0022,UID0022,22,officeqa-big-runner-02,,failed,0.0,hard,budget_and_receipts,statistical,,,,23,2,3394,18162,930,0,0,0,0,0,0,,/Users/jwalinshah/projects/officeqa-arena/results/runner_pool/pool-20260402T094504Z/full_traces/officeqa-big-runner-02/.arena/runs/run-20260402-101145-f2a444/pool-20260402T094504Z-officeqa-big-runner-02-lane2-officeqa-uid0022/officeqa-uid0022__Hr32taG/exception.txt,/Users/jwalinshah/projects/officeqa-arena/results/runner_pool/pool-20260402T094504Z/full_traces/officeqa-big-runner-02/.arena/runs/run-20260402-101145-f2a444/pool-20260402T094504Z-officeqa-big-runner-02-lane2-officeqa-uid0022/officeqa-uid0022__Hr32taG
officeqa-uid0023,UID0023,23,officeqa-big-runner-02,,passed,1.0,easy,other,lookup_or_aggregation,,,25856,27,4,3425,23581,1728,0,0,0,0,0,0,0.0,,/Users/jwalinshah/projects/officeqa-arena/results/runner_pool/pool-20260402T094504Z/full_traces/officeqa-big-runner-02/.arena/runs/run-20260402-101009-24a53a/pool-20260402T094504Z-officeqa-big-runner-02-lane3-officeqa-uid0023/officeqa-uid0023__wzKYjkw
officeqa-uid0024,UID0024,24,officeqa-big-runner-02,,passed,1.0,easy,debt_and_international,comparison,,,13199,14,4,2443,15635,920,0,0,0,0,0,0,0.0,,/Users/jwalinshah/projects/officeqa-arena/results/runner_pool/pool-20260402T094504Z/full_traces/officeqa-big-runner-02/.arena/runs/run-20260402-100740-b5ce6b/pool-20260402T094504Z-officeqa-big-runner-02-lane4-officeqa-uid0024/officeqa-uid0024__wS4eHFG
officeqa-uid0025,UID0025,25,officeqa-big-runner-01,,failed,0.0,hard,other,comparison,,,17480,24,8,4669,35228,1666,53,0.120684,1036785,16137,13138,992000,0.006904,,/Users/jwalinshah/projects/officeqa-arena/results/runner_pool/pool-20260402T094504Z/full_traces/officeqa-big-runner-01/.arena/runs/run-20260402-100037-ffbb71/pool-20260402T094504Z-officeqa-big-runner-01-lane1-officeqa-uid0025/officeqa-uid0025__7hzyhvK
officeqa-uid0026,UID0026,26,officeqa-big-runner-01,,failed,0.0,easy,other,lookup_or_aggregation,,,68187,62,4,18546,160068,1256,0,0,0,0,0,0,0.0,,/Users/jwalinshah/projects/officeqa-arena/results/runner_pool/pool-20260402T094504Z/full_traces/officeqa-big-runner-01/.arena/runs/run-20260402-101326-6b2ba1/pool-20260402T094504Z-officeqa-big-runner-01-lane2-officeqa-uid0026/officeqa-uid0026__VT8uqii
officeqa-uid0027,UID0027,27,officeqa-big-runner-01,,failed,0.0,hard,rates_and_securities,lookup_or_aggregation,,,,36,0,9870,72262,555,0,0,0,0,0,0,,/Users/jwalinshah/projects/officeqa-arena/results/runner_pool/pool-20260402T094504Z/full_traces/officeqa-big-runner-01/.arena/runs/run-20260402-100353-815778/pool-20260402T094504Z-officeqa-big-runner-01-lane3-officeqa-uid0027/officeqa-uid0027__hezJjkj/exception.txt,/Users/jwalinshah/projects/officeqa-arena/results/runner_pool/pool-20260402T094504Z/full_traces/officeqa-big-runner-01/.arena/runs/run-20260402-100353-815778/pool-20260402T094504Z-officeqa-big-runner-01-lane3-officeqa-uid0027/officeqa-uid0027__hezJjkj
officeqa-uid0028,UID0028,28,officeqa-big-runner-01,,failed,0.0,hard,rates_and_securities,lookup_or_aggregation,,,,18,0,6692,50804,0,0,0,0,0,0,0,,/Users/jwalinshah/projects/officeqa-arena/results/runner_pool/pool-20260402T094504Z/full_traces/officeqa-big-runner-01/.arena/runs/run-20260402-100554-5a6ea0/pool-20260402T094504Z-officeqa-big-runner-01-lane4-officeqa-uid0028/officeqa-uid0028__dxTWbwz/exception.txt,/Users/jwalinshah/projects/officeqa-arena/results/runner_pool/pool-20260402T094504Z/full_traces/officeqa-big-runner-01/.arena/runs/run-20260402-100554-5a6ea0/pool-20260402T094504Z-officeqa-big-runner-01-lane4-officeqa-uid0028/officeqa-uid0028__dxTWbwz
officeqa-uid0029,UID0029,29,officeqa-big-runner-02,,failed,0.0,hard,rates_and_securities,lookup_or_aggregation,,,62930,46,2,18059,130173,1492,0,0,0,0,0,0,0.0,,/Users/jwalinshah/projects/officeqa-arena/results/runner_pool/pool-20260402T094504Z/full_traces/officeqa-big-runner-02/.arena/runs/run-20260402-102839-8e0403/pool-20260402T094504Z-officeqa-big-runner-02-lane1-officeqa-uid0029/officeqa-uid0029__spaSEcc
officeqa-uid0030,UID0030,30,officeqa-big-runner-02,,failed,0.0,hard,other,lookup_or_aggregation,,,16993,17,1,4837,33522,3742,0,0,0,0,0,0,0.0,,/Users/jwalinshah/projects/officeqa-arena/results/runner_pool/pool-20260402T094504Z/full_traces/officeqa-big-runner-02/.arena/runs/run-20260402-102820-1956fc/pool-20260402T094504Z-officeqa-big-runner-02-lane2-officeqa-uid0030/officeqa-uid0030__KTprawq
officeqa-uid0031,UID0031,31,officeqa-big-runner-02,,passed,1.0,hard,budget_and_receipts,lookup_or_aggregation,,,42854,50,0,12603,89723,597,0,0,0,0,0,0,0.0,,/Users/jwalinshah/projects/officeqa-arena/results/runner_pool/pool-20260402T094504Z/full_traces/officeqa-big-runner-02/.arena/runs/run-20260402-101948-e35d98/pool-20260402T094504Z-officeqa-big-runner-02-lane3-officeqa-uid0031/officeqa-uid0031__9BsiYDz
officeqa-uid0032,UID0032,32,officeqa-big-runner-02,,passed,1.0,hard,other,comparison,,,21258,24,8,8112,59422,1096,0,0,0,0,0,0,0.0,,/Users/jwalinshah/projects/officeqa-arena/results/runner_pool/pool-20260402T094504Z/full_traces/officeqa-big-runner-02/.arena/runs/run-20260402-101452-c49dc3/pool-20260402T094504Z-officeqa-big-runner-02-lane4-officeqa-uid0032/officeqa-uid0032__4hHzoAz
officeqa-uid0033,UID0033,33,officeqa-big-runner-01,,passed,1.0,easy,other,lookup_or_aggregation,,,17428,19,6,291,15826,1120,0,0,0,0,0,0,0.0,,/Users/jwalinshah/projects/officeqa-arena/results/runner_pool/pool-20260402T094504Z/full_traces/officeqa-big-runner-01/.arena/runs/run-20260402-100659-797380/pool-20260402T094504Z-officeqa-big-runner-01-lane1-officeqa-uid0033/officeqa-uid0033__L2bYfnK
officeqa-uid0034,UID0034,34,officeqa-big-runner-01,,failed,0.0,easy,other,lookup_or_aggregation,,,,87,0,22892,208623,1242,0,0,0,0,0,0,,/Users/jwalinshah/projects/officeqa-arena/results/runner_pool/pool-20260402T094504Z/full_traces/officeqa-big-runner-01/.arena/runs/run-20260402-102611-e97b89/pool-20260402T094504Z-officeqa-big-runner-01-lane2-officeqa-uid0034/officeqa-uid0034__BDLSKYX/exception.txt,/Users/jwalinshah/projects/officeqa-arena/results/runner_pool/pool-20260402T094504Z/full_traces/officeqa-big-runner-01/.arena/runs/run-20260402-102611-e97b89/pool-20260402T094504Z-officeqa-big-runner-01-lane2-officeqa-uid0034/officeqa-uid0034__BDLSKYX
officeqa-uid0035,UID0035,35,officeqa-big-runner-01,,failed,0.0,hard,other,lookup_or_aggregation,,,40242,40,1,12113,89835,1051,0,0,0,0,0,0,0.0,,/Users/jwalinshah/projects/officeqa-arena/results/runner_pool/pool-20260402T094504Z/full_traces/officeqa-big-runner-01/.arena/runs/run-20260402-102026-0f5434/pool-20260402T094504Z-officeqa-big-runner-01-lane3-officeqa-uid0035/officeqa-uid0035__NuEPH8t
officeqa-uid0036,UID0036,36,officeqa-big-runner-01,,failed,0.0,hard,debt_and_international,comparison,medium,percentage_point_difference,28573,42,5,9202,70260,1962,0,0,0,0,0,0,0.0,,/Users/jwalinshah/projects/officeqa-arena/results/runner_pool/pool-20260402T094504Z/full_traces/officeqa-big-runner-01/.arena/runs/run-20260402-102218-b303c2/pool-20260402T094504Z-officeqa-big-runner-01-lane4-officeqa-uid0036/officeqa-uid0036__Sr3xFq8
officeqa-uid0037,UID0037,37,officeqa-big-runner-02,,failed,0.0,hard,other,comparison,,,87545,119,8,24366,213923,3672,0,0,0,0,0,0,0.0,,/Users/jwalinshah/projects/officeqa-arena/results/runner_pool/pool-20260402T094504Z/full_traces/officeqa-big-runner-02/.arena/runs/run-20260402-104141-3bc894/pool-20260402T094504Z-officeqa-big-runner-02-lane1-officeqa-uid0037/officeqa-uid0037__HNhccPU
officeqa-uid0038,UID0038,38,officeqa-big-runner-02,,failed,0.0,easy,debt_and_international,comparison,,,53928,84,4,14037,105840,1133,0,0,0,0,0,0,0.0,,/Users/jwalinshah/projects/officeqa-arena/results/runner_pool/pool-20260402T094504Z/full_traces/officeqa-big-runner-02/.arena/runs/run-20260402-103239-a030cf/pool-20260402T094504Z-officeqa-big-runner-02-lane2-officeqa-uid0038/officeqa-uid0038__A6gkhez
officeqa-uid0039,UID0039,39,officeqa-big-runner-02,,passed,1.0,hard,budget_and_receipts,lookup_or_aggregation,medium,sum,14977,19,4,5796,38358,2844,0,0,0,0,0,0,0.0,,/Users/jwalinshah/projects/officeqa-arena/results/runner_pool/pool-20260402T094504Z/full_traces/officeqa-big-runner-02/.arena/runs/run-20260402-102737-5aacea/pool-20260402T094504Z-officeqa-big-runner-02-lane3-officeqa-uid0039/officeqa-uid0039__tw3RJAt
officeqa-uid0040,UID0040,40,officeqa-big-runner-02,,passed,1.0,easy,other,lookup_or_aggregation,,,62743,67,6,7681,57971,1933,0,0,0,0,0,0,0.0,,/Users/jwalinshah/projects/officeqa-arena/results/runner_pool/pool-20260402T094504Z/full_traces/officeqa-big-runner-02/.arena/runs/run-20260402-102257-18df3e/pool-20260402T094504Z-officeqa-big-runner-02-lane4-officeqa-uid0040/officeqa-uid0040__LJ4afDs
officeqa-uid0041,UID0041,41,officeqa-big-runner-01,,passed,1.0,easy,rates_and_securities,lookup_or_aggregation,,,24941,26,7,8586,54751,1654,0,0,0,0,0,0,0.0,,/Users/jwalinshah/projects/officeqa-arena/results/runner_pool/pool-20260402T094504Z/full_traces/officeqa-big-runner-01/.arena/runs/run-20260402-101102-f4e6e0/pool-20260402T094504Z-officeqa-big-runner-01-lane1-officeqa-uid0041/officeqa-uid0041__xX2FeM3
officeqa-uid0042,UID0042,42,officeqa-big-runner-01,,passed,1.0,hard,budget_and_receipts,lookup_or_aggregation,,,18877,27,1,6060,44817,2574,0,0,0,0,0,0,0.0,,/Users/jwalinshah/projects/officeqa-arena/results/runner_pool/pool-20260402T094504Z/full_traces/officeqa-big-runner-01/.arena/runs/run-20260402-104230-b3ef16/pool-20260402T094504Z-officeqa-big-runner-01-lane2-officeqa-uid0042/officeqa-uid0042__vqV9C8E
officeqa-uid0043,UID0043,43,officeqa-big-runner-01,,passed,1.0,easy,budget_and_receipts,lookup_or_aggregation,,,11969,15,6,2132,15920,518,0,0,0,0,0,0,0.0,,/Users/jwalinshah/projects/officeqa-arena/results/runner_pool/pool-20260402T094504Z/full_traces/officeqa-big-runner-01/.arena/runs/run-20260402-102838-a645a4/pool-20260402T094504Z-officeqa-big-runner-01-lane3-officeqa-uid0043/officeqa-uid0043__R9GvN9k
officeqa-uid0044,UID0044,44,officeqa-big-runner-01,,failed,0.0,hard,other,lookup_or_aggregation,,,58209,56,5,10296,74982,3493,0,0,0,0,0,0,0.0,,/Users/jwalinshah/projects/officeqa-arena/results/runner_pool/pool-20260402T094504Z/full_traces/officeqa-big-runner-01/.arena/runs/run-20260402-102757-bf4d92/pool-20260402T094504Z-officeqa-big-runner-01-lane4-officeqa-uid0044/officeqa-uid0044__3hAjyJB
officeqa-uid0045,UID0045,45,officeqa-big-runner-02,,failed,0.0,easy,debt_and_international,lookup_or_aggregation,,,36605,33,1,5298,36816,1136,10,0.014675,112239,3112,2244,106976,0.000401,,/Users/jwalinshah/projects/officeqa-arena/results/runner_pool/pool-20260402T094504Z/full_traces/officeqa-big-runner-02/.arena/runs/run-20260402-105707-010e16/pool-20260402T094504Z-officeqa-big-runner-02-lane1-officeqa-uid0045/officeqa-uid0045__9NxcYrk
officeqa-uid0046,UID0046,46,officeqa-big-runner-02,,failed,0.0,easy,other,lookup_or_aggregation,,,20381,17,1,4142,33020,1302,0,0,0,0,0,0,0.0,,/Users/jwalinshah/projects/officeqa-arena/results/runner_pool/pool-20260402T094504Z/full_traces/officeqa-big-runner-02/.arena/runs/run-20260402-104057-750536/pool-20260402T094504Z-officeqa-big-runner-02-lane2-officeqa-uid0046/officeqa-uid0046__DkfJT9W
officeqa-uid0047,UID0047,47,officeqa-big-runner-02,,passed,1.0,easy,fx,comparison,?,?,15166,9,1,1544,8853,1592,0,0,0,0,0,0,0.0,,/Users/jwalinshah/projects/officeqa-arena/results/runner_pool/pool-20260402T094504Z/full_traces/officeqa-big-runner-02/.arena/runs/run-20260402-103207-fba1d7/pool-20260402T094504Z-officeqa-big-runner-02-lane3-officeqa-uid0047/officeqa-uid0047__fxgdbD6
officeqa-uid0048,UID0048,48,officeqa-big-runner-02,,passed,1.0,easy,other,comparison,,,11282,10,2,1151,8235,427,0,0,0,0,0,0,0.0,,/Users/jwalinshah/projects/officeqa-arena/results/runner_pool/pool-20260402T094504Z/full_traces/officeqa-big-runner-02/.arena/runs/run-20260402-102929-0593ab/pool-20260402T094504Z-officeqa-big-runner-02-lane4-officeqa-uid0048/officeqa-uid0048__WHZcPaB
officeqa-uid0049,UID0049,49,officeqa-big-runner-01,,failed,0.0,hard,budget_and_receipts,statistical,,,41179,36,18,6017,38670,2324,0,0,0,0,0,0,0.0,,/Users/jwalinshah/projects/officeqa-arena/results/runner_pool/pool-20260402T094504Z/full_traces/officeqa-big-runner-01/.arena/runs/run-20260402-102248-2dd9ac/pool-20260402T094504Z-officeqa-big-runner-01-lane1-officeqa-uid0049/officeqa-uid0049__SS3g8cd
officeqa-uid0050,UID0050,50,officeqa-big-runner-01,,passed,1.0,hard,debt_and_international,lookup_or_aggregation,,,15173,14,2,2942,19723,932,0,0,0,0,0,0,0.0,,/Users/jwalinshah/projects/officeqa-arena/results/runner_pool/pool-20260402T094504Z/full_traces/officeqa-big-runner-01/.arena/runs/run-20260402-104822-ac5410/pool-20260402T094504Z-officeqa-big-runner-01-lane2-officeqa-uid0050/officeqa-uid0050__WYxQYAj
officeqa-uid0051,UID0051,51,officeqa-big-runner-01,,passed,1.0,easy,debt_and_international,lookup_or_aggregation,,,12961,18,9,3376,14109,1599,0,0,0,0,0,0,0.0,,/Users/jwalinshah/projects/officeqa-arena/results/runner_pool/pool-20260402T094504Z/full_traces/officeqa-big-runner-01/.arena/runs/run-20260402-103221-099bd0/pool-20260402T094504Z-officeqa-big-runner-01-lane3-officeqa-uid0051/officeqa-uid0051__6udNTVd
officeqa-uid0052,UID0052,52,officeqa-big-runner-01,,passed,1.0,easy,rates_and_securities,statistical,,,29382,26,1,4455,32643,1099,0,0,0,0,0,0,0.0,,/Users/jwalinshah/projects/officeqa-arena/results/runner_pool/pool-20260402T094504Z/full_traces/officeqa-big-runner-01/.arena/runs/run-20260402-103357-a69bcc/pool-20260402T094504Z-officeqa-big-runner-01-lane4-officeqa-uid0052/officeqa-uid0052__LTTZf6m
officeqa-uid0053,UID0053,53,officeqa-big-runner-02,,failed,0.0,hard,rates_and_securities,statistical,,,,81,6,11085,95424,515,0,0,0,0,0,0,,/Users/jwalinshah/projects/officeqa-arena/results/runner_pool/pool-20260402T094504Z/full_traces/officeqa-big-runner-02/.arena/runs/run-20260402-110100-3a11e9/pool-20260402T094504Z-officeqa-big-runner-02-lane1-officeqa-uid0053/officeqa-uid0053__Hkh7iUH/exception.txt,/Users/jwalinshah/projects/officeqa-arena/results/runner_pool/pool-20260402T094504Z/full_traces/officeqa-big-runner-02/.arena/runs/run-20260402-110100-3a11e9/pool-20260402T094504Z-officeqa-big-runner-02-lane1-officeqa-uid0053/officeqa-uid0053__Hkh7iUH
officeqa-uid0054,UID0054,54,officeqa-big-runner-02,,passed,1.0,easy,fx,comparison,,,20961,20,2,3580,23360,812,0,0,0,0,0,0,0.0,,/Users/jwalinshah/projects/officeqa-arena/results/runner_pool/pool-20260402T094504Z/full_traces/officeqa-big-runner-02/.arena/runs/run-20260402-104525-d48af4/pool-20260402T094504Z-officeqa-big-runner-02-lane2-officeqa-uid0054/officeqa-uid0054__q7itbMr
officeqa-uid0055,UID0055,55,officeqa-big-runner-02,,failed,0.0,hard,rates_and_securities,comparison,medium,absolute_change,36758,32,3,7670,43963,3147,9,0.003205,17050,1273,1006,12896,8.7e-05,,/Users/jwalinshah/projects/officeqa-arena/results/runner_pool/pool-20260402T094504Z/full_traces/officeqa-big-runner-02/.arena/runs/run-20260402-103508-933cb8/pool-20260402T094504Z-officeqa-big-runner-02-lane3-officeqa-uid0055/officeqa-uid0055__Yk8ijKp
officeqa-uid0056,UID0056,56,officeqa-big-runner-02,,failed,0.0,hard,other,lookup_or_aggregation,,,72467,86,5,21373,164797,1310,0,0,0,0,0,0,0.0,,/Users/jwalinshah/projects/officeqa-arena/results/runner_pool/pool-20260402T094504Z/full_traces/officeqa-big-runner-02/.arena/runs/run-20260402-103301-128ab3/pool-20260402T094504Z-officeqa-big-runner-02-lane4-officeqa-uid0056/officeqa-uid0056__o9QsoSP
officeqa-uid0057,UID0057,57,officeqa-big-runner-01,,passed,1.0,hard,rates_and_securities,lookup_or_aggregation,,,62728,69,1,15890,112557,2588,0,0,0,0,0,0,0.0,,/Users/jwalinshah/projects/officeqa-arena/results/runner_pool/pool-20260402T094504Z/full_traces/officeqa-big-runner-01/.arena/runs/run-20260402-102835-31b3ba/pool-20260402T094504Z-officeqa-big-runner-01-lane1-officeqa-uid0057/officeqa-uid0057__D5UXukc
officeqa-uid0058,UID0058,58,officeqa-big-runner-01,,failed,0.0,hard,fx,lookup_or_aggregation,medium,lookup,25472,20,4,3274,22034,1403,9,0.015372,116222,3053,2178,92304,0.000603,,/Users/jwalinshah/projects/officeqa-arena/results/runner_pool/pool-20260402T094504Z/full_traces/officeqa-big-runner-01/.arena/runs/run-20260402-105142-71cf0e/pool-20260402T094504Z-officeqa-big-runner-01-lane2-officeqa-uid0058/officeqa-uid0058__Kg5DWnj
officeqa-uid0059,UID0059,59,officeqa-big-runner-01,,passed,1.0,hard,other,comparison,,,20048,28,10,7967,52546,1618,0,0,0,0,0,0,0.0,,/Users/jwalinshah/projects/officeqa-arena/results/runner_pool/pool-20260402T094504Z/full_traces/officeqa-big-runner-01/.arena/runs/run-20260402-103531-dc0491/pool-20260402T094504Z-officeqa-big-runner-01-lane3-officeqa-uid0059/officeqa-uid0059__TE6qcfY
officeqa-uid0060,UID0060,60,officeqa-big-runner-01,,failed,0.0,easy,other,comparison,,,25814,36,5,7854,50105,2490,0,0,0,0,0,0,0.0,,/Users/jwalinshah/projects/officeqa-arena/results/runner_pool/pool-20260402T094504Z/full_traces/officeqa-big-runner-01/.arena/runs/run-20260402-103823-89e104/pool-20260402T094504Z-officeqa-big-runner-01-lane4-officeqa-uid0060/officeqa-uid0060__mHDCF37
officeqa-uid0061,UID0061,61,officeqa-big-runner-02,,passed,1.0,easy,rates_and_securities,comparison,medium,percentage_difference,22203,23,6,4434,30931,1295,1,0.002505,19822,514,238,19360,0.000113,,/Users/jwalinshah/projects/officeqa-arena/results/runner_pool/pool-20260402T094504Z/full_traces/officeqa-big-runner-02/.arena/runs/run-20260402-111719-0939f6/pool-20260402T094504Z-officeqa-big-runner-02-lane1-officeqa-uid0061/officeqa-uid0061__EcQWarT
officeqa-uid0062,UID0062,62,officeqa-big-runner-02,,failed,0.0,hard,budget_and_receipts,lookup_or_aggregation,,,29259,41,2,8254,64298,1585,0,0,0,0,0,0,0.0,,/Users/jwalinshah/projects/officeqa-arena/results/runner_pool/pool-20260402T094504Z/full_traces/officeqa-big-runner-02/.arena/runs/run-20260402-104904-a9cacf/pool-20260402T094504Z-officeqa-big-runner-02-lane2-officeqa-uid0062/officeqa-uid0062__rS6zrue
officeqa-uid0063,UID0063,63,officeqa-big-runner-02,,passed,1.0,easy,fx,comparison,,,41789,39,2,11303,91632,1514,0,0,0,0,0,0,0.0,,/Users/jwalinshah/projects/officeqa-arena/results/runner_pool/pool-20260402T094504Z/full_traces/officeqa-big-runner-02/.arena/runs/run-20260402-104011-791478/pool-20260402T094504Z-officeqa-big-runner-02-lane3-officeqa-uid0063/officeqa-uid0063__c9gaH9i
officeqa-uid0064,UID0064,64,officeqa-big-runner-02,,passed,1.0,easy,fx,lookup_or_aggregation,,,26301,22,2,3919,24318,1990,0,0,0,0,0,0,0.0,,/Users/jwalinshah/projects/officeqa-arena/results/runner_pool/pool-20260402T094504Z/full_traces/officeqa-big-runner-02/.arena/runs/run-20260402-104456-ee5534/pool-20260402T094504Z-officeqa-big-runner-02-lane4-officeqa-uid0064/officeqa-uid0064__SX9Gthw
officeqa-uid0065,UID0065,65,officeqa-big-runner-01,,passed,1.0,hard,other,comparison,,,12984,14,2,1720,9960,1046,0,0,0,0,0,0,0.0,,/Users/jwalinshah/projects/officeqa-arena/results/runner_pool/pool-20260402T094504Z/full_traces/officeqa-big-runner-01/.arena/runs/run-20260402-103842-4e337a/pool-20260402T094504Z-officeqa-big-runner-01-lane1-officeqa-uid0065/officeqa-uid0065__w54TWHm
officeqa-uid0066,UID0066,66,officeqa-big-runner-01,,failed,0.0,easy,budget_and_receipts,lookup_or_aggregation,,,15576,13,1,3235,21125,1553,31,0.030827,211106,9204,6455,184800,0.001979,,/Users/jwalinshah/projects/officeqa-arena/results/runner_pool/pool-20260402T094504Z/full_traces/officeqa-big-runner-01/.arena/runs/run-20260402-105457-1507e6/pool-20260402T094504Z-officeqa-big-runner-01-lane2-officeqa-uid0066/officeqa-uid0066__zZuRY8P
officeqa-uid0067,UID0067,67,officeqa-big-runner-01,,passed,1.0,easy,macro_and_monetary,conversion,medium,convert_value_to_weight,22587,28,11,6717,45587,1025,0,0,0,0,0,0,0.0,,/Users/jwalinshah/projects/officeqa-arena/results/runner_pool/pool-20260402T094504Z/full_traces/officeqa-big-runner-01/.arena/runs/run-20260402-104040-44c124/pool-20260402T094504Z-officeqa-big-runner-01-lane3-officeqa-uid0067/officeqa-uid0067__eVzxdTp
officeqa-uid0068,UID0068,68,officeqa-big-runner-01,,passed,1.0,hard,other,lookup_or_aggregation,medium,find_minimum,50977,60,1,20186,141235,1563,0,0,0,0,0,0,0.0,,/Users/jwalinshah/projects/officeqa-arena/results/runner_pool/pool-20260402T094504Z/full_traces/officeqa-big-runner-01/.arena/runs/run-20260402-104255-ea966b/pool-20260402T094504Z-officeqa-big-runner-01-lane4-officeqa-uid0068/officeqa-uid0068__hFKSxV2
officeqa-uid0069,UID0069,69,officeqa-big-runner-02,,failed,0.0,hard,rates_and_securities,lookup_or_aggregation,,,69900,62,0,11276,91696,1613,0,0,0,0,0,0,0.0,,/Users/jwalinshah/projects/officeqa-arena/results/runner_pool/pool-20260402T094504Z/full_traces/officeqa-big-runner-02/.arena/runs/run-20260402-112101-3955bc/pool-20260402T094504Z-officeqa-big-runner-02-lane1-officeqa-uid0069/officeqa-uid0069__zVh3URV
officeqa-uid0070,UID0070,70,officeqa-big-runner-02,,passed,1.0,easy,other,lookup_or_aggregation,,,20536,35,3,8125,53235,1271,14,0.00608,34405,1831,1325,26512,0.000296,,/Users/jwalinshah/projects/officeqa-arena/results/runner_pool/pool-20260402T094504Z/full_traces/officeqa-big-runner-02/.arena/runs/run-20260402-105400-adcf63/pool-20260402T094504Z-officeqa-big-runner-02-lane2-officeqa-uid0070/officeqa-uid0070__hNV623K
officeqa-uid0071,UID0071,71,officeqa-big-runner-02,,failed,0.0,hard,rates_and_securities,statistical,very_hard,population_standard_deviation,71631,59,4,12090,94816,1643,0,0,0,0,0,0,0.0,,/Users/jwalinshah/projects/officeqa-arena/results/runner_pool/pool-20260402T094504Z/full_traces/officeqa-big-runner-02/.arena/runs/run-20260402-104634-5f5878/pool-20260402T094504Z-officeqa-big-runner-02-lane3-officeqa-uid0071/officeqa-uid0071__AXnfZbU
officeqa-uid0072,UID0072,72,officeqa-big-runner-02,,passed,1.0,easy,debt_and_international,comparison,medium,calculate_share_percentage,29035,25,10,3739,24685,1290,3,0.009553,77633,1765,46,76368,0.000329,,/Users/jwalinshah/projects/officeqa-arena/results/runner_pool/pool-20260402T094504Z/full_traces/officeqa-big-runner-02/.arena/runs/run-20260402-105830-c9f233/pool-20260402T094504Z-officeqa-big-runner-02-lane4-officeqa-uid0072/officeqa-uid0072__khBBGVw
officeqa-uid0073,UID0073,73,officeqa-big-runner-01,,passed,1.0,hard,budget_and_receipts,statistical,medium,population_standard_deviation,64868,100,1,33152,235818,2485,0,0,0,0,0,0,0.0,,/Users/jwalinshah/projects/officeqa-arena/results/runner_pool/pool-20260402T094504Z/full_traces/officeqa-big-runner-01/.arena/runs/run-20260402-104125-65bd4b/pool-20260402T094504Z-officeqa-big-runner-01-lane1-officeqa-uid0073/officeqa-uid0073__c9Rucyt
officeqa-uid0074,UID0074,74,officeqa-big-runner-01,,passed,1.0,easy,budget_and_receipts,statistical,,,18457,27,20,4322,22462,1500,0,0,0,0,0,0,0.0,,/Users/jwalinshah/projects/officeqa-arena/results/runner_pool/pool-20260402T094504Z/full_traces/officeqa-big-runner-01/.arena/runs/run-20260402-105825-5be222/pool-20260402T094504Z-officeqa-big-runner-01-lane2-officeqa-uid0074/officeqa-uid0074__zdFsfM3
officeqa-uid0075,UID0075,75,officeqa-big-runner-01,,passed,1.0,easy,budget_and_receipts,statistical,,,47957,59,12,13419,90507,993,0,0,0,0,0,0,0.0,,/Users/jwalinshah/projects/officeqa-arena/results/runner_pool/pool-20260402T094504Z/full_traces/officeqa-big-runner-01/.arena/runs/run-20260402-104514-3230f9/pool-20260402T094504Z-officeqa-big-runner-01-lane3-officeqa-uid0075/officeqa-uid0075__fsajocu
officeqa-uid0076,UID0076,76,officeqa-big-runner-01,,failed,0.0,easy,budget_and_receipts,comparison,,,29965,43,16,15806,118446,3373,6,0.016175,138873,2243,1535,136528,0.00054,,/Users/jwalinshah/projects/officeqa-arena/results/runner_pool/pool-20260402T094504Z/full_traces/officeqa-big-runner-01/.arena/runs/run-20260402-105122-2df1cf/pool-20260402T094504Z-officeqa-big-runner-01-lane4-officeqa-uid0076/officeqa-uid0076__JQFwvou
officeqa-uid0077,UID0077,77,officeqa-big-runner-02,,failed,0.0,hard,budget_and_receipts,comparison,medium,percentage_change,31966,41,12,11226,82885,2645,0,0,0,0,0,0,0.0,,/Users/jwalinshah/projects/officeqa-arena/results/runner_pool/pool-20260402T094504Z/full_traces/officeqa-big-runner-02/.arena/runs/run-20260402-112817-921b5a/pool-20260402T094504Z-officeqa-big-runner-02-lane1-officeqa-uid0077/officeqa-uid0077__4d64LMT
officeqa-uid0078,UID0078,78,officeqa-big-runner-02,,passed,1.0,easy,other,comparison,,,16601,28,13,3505,19707,1218,1,0.004862,28556,1954,133,25936,0.000293,,/Users/jwalinshah/projects/officeqa-arena/results/runner_pool/pool-20260402T094504Z/full_traces/officeqa-big-runner-02/.arena/runs/run-20260402-105840-d9949e/pool-20260402T094504Z-officeqa-big-runner-02-lane2-officeqa-uid0078/officeqa-uid0078__9DuyFB4
officeqa-uid0079,UID0079,79,officeqa-big-runner-02,,failed,0.0,easy,rates_and_securities,statistical,,,15070,23,8,7309,45990,1615,16,0.033046,282710,4353,1418,261184,0.002193,,/Users/jwalinshah/projects/officeqa-arena/results/runner_pool/pool-20260402T094504Z/full_traces/officeqa-big-runner-02/.arena/runs/run-20260402-105632-7a7487/pool-20260402T094504Z-officeqa-big-runner-02-lane3-officeqa-uid0079/officeqa-uid0079__fhYtZi4
officeqa-uid0080,UID0080,80,officeqa-big-runner-02,,passed,1.0,easy,other,lookup_or_aggregation,,,12095,20,4,2956,19050,2147,0,0,0,0,0,0,0.0,,/Users/jwalinshah/projects/officeqa-arena/results/runner_pool/pool-20260402T094504Z/full_traces/officeqa-big-runner-02/.arena/runs/run-20260402-110247-1aa337/pool-20260402T094504Z-officeqa-big-runner-02-lane4-officeqa-uid0080/officeqa-uid0080__9FHpoye
officeqa-uid0081,UID0081,81,officeqa-big-runner-01,,failed,0.0,easy,debt_and_international,lookup_or_aggregation,,,13149,16,8,1843,12137,1342,34,0.057677,437315,13268,8850,413424,0.004386,,/Users/jwalinshah/projects/officeqa-arena/results/runner_pool/pool-20260402T094504Z/full_traces/officeqa-big-runner-01/.arena/runs/run-20260402-105648-175727/pool-20260402T094504Z-officeqa-big-runner-01-lane1-officeqa-uid0081/officeqa-uid0081__LHyhsVN
officeqa-uid0082,UID0082,82,officeqa-big-runner-01,,failed,0.0,easy,debt_and_international,comparison,medium,subtraction,19962,17,5,4342,33151,1221,0,0,0,0,0,0,0.0,,/Users/jwalinshah/projects/officeqa-arena/results/runner_pool/pool-20260402T094504Z/full_traces/officeqa-big-runner-01/.arena/runs/run-20260402-110308-821f66/pool-20260402T094504Z-officeqa-big-runner-01-lane2-officeqa-uid0082/officeqa-uid0082__Jur2wNR
officeqa-uid0083,UID0083,83,officeqa-big-runner-01,,passed,1.0,hard,budget_and_receipts,statistical,,,39929,60,11,16156,104467,3276,0,0,0,0,0,0,0.0,,/Users/jwalinshah/projects/officeqa-arena/results/runner_pool/pool-20260402T094504Z/full_traces/officeqa-big-runner-01/.arena/runs/run-20260402-105150-ec7e28/pool-20260402T094504Z-officeqa-big-runner-01-lane3-officeqa-uid0083/officeqa-uid0083__h2mTuW9
officeqa-uid0084,UID0084,84,officeqa-big-runner-01,,passed,1.0,hard,budget_and_receipts,statistical,,,24997,39,23,11458,75972,1078,6,0.028582,216406,6825,1683,210464,0.001143,,/Users/jwalinshah/projects/officeqa-arena/results/runner_pool/pool-20260402T094504Z/full_traces/officeqa-big-runner-01/.arena/runs/run-20260402-105757-698540/pool-20260402T094504Z-officeqa-big-runner-01-lane4-officeqa-uid0084/officeqa-uid0084__vrTQQ7D
officeqa-uid0085,UID0085,85,officeqa-big-runner-02,,failed,0.0,hard,budget_and_receipts,comparison,,,11994,21,10,3875,25108,1044,14,0.042058,360148,5657,4016,340640,0.003507,,/Users/jwalinshah/projects/officeqa-arena/results/runner_pool/pool-20260402T094504Z/full_traces/officeqa-big-runner-02/.arena/runs/run-20260402-113401-0f7fe1/pool-20260402T094504Z-officeqa-big-runner-02-lane1-officeqa-uid0085/officeqa-uid0085__g6RBAk7
officeqa-uid0086,UID0086,86,officeqa-big-runner-02,,passed,1.0,hard,other,comparison,,,13473,23,4,4281,28183,661,0,0,0,0,0,0,0.0,,/Users/jwalinshah/projects/officeqa-arena/results/runner_pool/pool-20260402T094504Z/full_traces/officeqa-big-runner-02/.arena/runs/run-20260402-110254-62cd7c/pool-20260402T094504Z-officeqa-big-runner-02-lane2-officeqa-uid0086/officeqa-uid0086__Aecx3EY
officeqa-uid0087,UID0087,87,officeqa-big-runner-02,,passed,1.0,easy,budget_and_receipts,lookup_or_aggregation,,,23380,24,6,3387,23568,1471,26,0.027501,222115,3950,2817,176736,0.001176,,/Users/jwalinshah/projects/officeqa-arena/results/runner_pool/pool-20260402T094504Z/full_traces/officeqa-big-runner-02/.arena/runs/run-20260402-110307-bb42e3/pool-20260402T094504Z-officeqa-big-runner-02-lane3-officeqa-uid0087/officeqa-uid0087__3gUB928
officeqa-uid0088,UID0088,88,officeqa-big-runner-02,,passed,1.0,easy,budget_and_receipts,lookup_or_aggregation,,,47623,49,1,9481,62085,1965,0,0,0,0,0,0,0.0,,/Users/jwalinshah/projects/officeqa-arena/results/runner_pool/pool-20260402T094504Z/full_traces/officeqa-big-runner-02/.arena/runs/run-20260402-110707-b64ba3/pool-20260402T094504Z-officeqa-big-runner-02-lane4-officeqa-uid0088/officeqa-uid0088__Jevsgbn
officeqa-uid0089,UID0089,89,officeqa-big-runner-01,,failed,0.0,easy,budget_and_receipts,comparison,,,45343,64,7,12144,80823,1948,5,0.022307,203748,1871,1154,200512,0.000492,,/Users/jwalinshah/projects/officeqa-arena/results/runner_pool/pool-20260402T094504Z/full_traces/officeqa-big-runner-01/.arena/runs/run-20260402-105925-22ced0/pool-20260402T094504Z-officeqa-big-runner-01-lane1-officeqa-uid0089/officeqa-uid0089__yzHgpps
officeqa-uid0090,UID0090,90,officeqa-big-runner-01,,passed,1.0,easy,rates_and_securities,lookup_or_aggregation,,,14020,18,9,3011,19527,862,0,0,0,0,0,0,0.0,,/Users/jwalinshah/projects/officeqa-arena/results/runner_pool/pool-20260402T094504Z/full_traces/officeqa-big-runner-01/.arena/runs/run-20260402-110701-4d8da7/pool-20260402T094504Z-officeqa-big-runner-01-lane2-officeqa-uid0090/officeqa-uid0090__tQbeoQU
officeqa-uid0091,UID0091,91,officeqa-big-runner-01,,failed,0.0,easy,other,lookup_or_aggregation,,,8951,13,7,3330,19610,1471,2,0.008521,63316,2106,623,59120,0.000952,,/Users/jwalinshah/projects/officeqa-arena/results/runner_pool/pool-20260402T094504Z/full_traces/officeqa-big-runner-01/.arena/runs/run-20260402-105918-1adf8e/pool-20260402T094504Z-officeqa-big-runner-01-lane3-officeqa-uid0091/officeqa-uid0091__VbzKvBR
officeqa-uid0092,UID0092,92,officeqa-big-runner-01,,failed,0.0,easy,other,statistical,,,50139,56,3,11220,65877,1713,0,0,0,0,0,0,0.0,,/Users/jwalinshah/projects/officeqa-arena/results/runner_pool/pool-20260402T094504Z/full_traces/officeqa-big-runner-01/.arena/runs/run-20260402-110541-e1565c/pool-20260402T094504Z-officeqa-big-runner-01-lane4-officeqa-uid0092/officeqa-uid0092__Pw94wzY
officeqa-uid0093,UID0093,93,officeqa-big-runner-02,,passed,1.0,hard,debt_and_international,lookup_or_aggregation,,,56413,59,3,10141,187503,1350,4,0.013316,117443,1558,778,116640,0.000236,,/Users/jwalinshah/projects/officeqa-arena/results/runner_pool/pool-20260402T094504Z/full_traces/officeqa-big-runner-02/.arena/runs/run-20260402-113757-fa8ca8/pool-20260402T094504Z-officeqa-big-runner-02-lane1-officeqa-uid0093/officeqa-uid0093__gGpFJNR
officeqa-uid0094,UID0094,94,officeqa-big-runner-02,,failed,0.0,hard,other,comparison,,,29103,34,9,6089,38984,1773,0,0,0,0,0,0,0.0,,/Users/jwalinshah/projects/officeqa-arena/results/runner_pool/pool-20260402T094504Z/full_traces/officeqa-big-runner-02/.arena/runs/run-20260402-110728-90b744/pool-20260402T094504Z-officeqa-big-runner-02-lane2-officeqa-uid0094/officeqa-uid0094__HNKjruy
officeqa-uid0095,UID0095,95,officeqa-big-runner-02,,passed,1.0,easy,fx,comparison,,,33342,48,13,9605,76263,1944,0,0,0,0,0,0,0.0,,/Users/jwalinshah/projects/officeqa-arena/results/runner_pool/pool-20260402T094504Z/full_traces/officeqa-big-runner-02/.arena/runs/run-20260402-110738-173cfe/pool-20260402T094504Z-officeqa-big-runner-02-lane3-officeqa-uid0095/officeqa-uid0095__fFdTs5v
officeqa-uid0096,UID0096,96,officeqa-big-runner-02,,failed,0.0,hard,other,lookup_or_aggregation,,,72806,117,14,28566,247905,1200,0,0,0,0,0,0,0.0,,/Users/jwalinshah/projects/officeqa-arena/results/runner_pool/pool-20260402T094504Z/full_traces/officeqa-big-runner-02/.arena/runs/run-20260402-111424-5ff52d/pool-20260402T094504Z-officeqa-big-runner-02-lane4-officeqa-uid0096/officeqa-uid0096__UyebGwx
officeqa-uid0097,UID0097,97,officeqa-big-runner-01,,passed,1.0,hard,debt_and_international,comparison,,,21408,20,4,2713,15829,1785,0,0,0,0,0,0,0.0,,/Users/jwalinshah/projects/officeqa-arena/results/runner_pool/pool-20260402T094504Z/full_traces/officeqa-big-runner-01/.arena/runs/run-20260402-110814-a839ce/pool-20260402T094504Z-officeqa-big-runner-01-lane1-officeqa-uid0097/officeqa-uid0097__bLfY9sp
officeqa-uid0098,UID0098,98,officeqa-big-runner-01,,failed,0.0,easy,rates_and_securities,lookup_or_aggregation,,,39062,48,6,10123,65005,1604,3,0.007042,57921,1241,838,57408,0.00018,,/Users/jwalinshah/projects/officeqa-arena/results/runner_pool/pool-20260402T094504Z/full_traces/officeqa-big-runner-01/.arena/runs/run-20260402-111057-d08e45/pool-20260402T094504Z-officeqa-big-runner-01-lane2-officeqa-uid0098/officeqa-uid0098__LVXxmyV
officeqa-uid0099,UID0099,99,officeqa-big-runner-01,,passed,1.0,easy,budget_and_receipts,lookup_or_aggregation,,,9420,8,5,2394,10267,1944,0,0,0,0,0,0,0.0,,/Users/jwalinshah/projects/officeqa-arena/results/runner_pool/pool-20260402T094504Z/full_traces/officeqa-big-runner-01/.arena/runs/run-20260402-110257-f9ae05/pool-20260402T094504Z-officeqa-big-runner-01-lane3-officeqa-uid0099/officeqa-uid0099__CSzVvTk
officeqa-uid0100,UID0100,100,officeqa-big-runner-01,,passed,1.0,hard,budget_and_receipts,statistical,,,39061,39,2,5895,36779,1889,4,0.00191,10175,561,353,4608,4.9e-05,,/Users/jwalinshah/projects/officeqa-arena/results/runner_pool/pool-20260402T094504Z/full_traces/officeqa-big-runner-01/.arena/runs/run-20260402-111214-34a867/pool-20260402T094504Z-officeqa-big-runner-01-lane4-officeqa-uid0100/officeqa-uid0100__6nM7qjv
officeqa-uid0101,UID0101,101,officeqa-big-runner-02,,failed,0.0,hard,budget_and_receipts,comparison,,,20386,31,6,370,53466,2018,4,0.025461,234247,2031,1746,233904,0.001249,,/Users/jwalinshah/projects/officeqa-arena/results/runner_pool/pool-20260402T094504Z/full_traces/officeqa-big-runner-02/.arena/runs/run-20260402-114656-879077/pool-20260402T094504Z-officeqa-big-runner-02-lane1-officeqa-uid0101/officeqa-uid0101__Buwr4pd
officeqa-uid0102,UID0102,102,officeqa-big-runner-02,,failed,0.0,hard,budget_and_receipts,lookup_or_aggregation,,,20634,30,9,7093,34784,1507,14,0.016237,126916,2949,1660,96768,0.000787,,/Users/jwalinshah/projects/officeqa-arena/results/runner_pool/pool-20260402T094504Z/full_traces/officeqa-big-runner-02/.arena/runs/run-20260402-111336-eee828/pool-20260402T094504Z-officeqa-big-runner-02-lane2-officeqa-uid0102/officeqa-uid0102__k6SeEGG
officeqa-uid0103,UID0103,103,officeqa-big-runner-02,,passed,1.0,hard,rates_and_securities,lookup_or_aggregation,,,33570,23,0,4197,19393,2669,3,0.007526,56026,1907,1433,55136,0.000224,,/Users/jwalinshah/projects/officeqa-arena/results/runner_pool/pool-20260402T094504Z/full_traces/officeqa-big-runner-02/.arena/runs/run-20260402-111510-ca6e57/pool-20260402T094504Z-officeqa-big-runner-02-lane3-officeqa-uid0103/officeqa-uid0103__LDvhx6Q
officeqa-uid0104,UID0104,104,officeqa-big-runner-02,,failed,0.0,easy,other,statistical,,,15608,11,3,2858,12218,2218,0,0,0,0,0,0,0.0,,/Users/jwalinshah/projects/officeqa-arena/results/runner_pool/pool-20260402T094504Z/full_traces/officeqa-big-runner-02/.arena/runs/run-20260402-112817-ccaae4/pool-20260402T094504Z-officeqa-big-runner-02-lane4-officeqa-uid0104/officeqa-uid0104__CYc7A4D
officeqa-uid0105,UID0105,105,officeqa-big-runner-01,,failed,0.0,easy,macro_and_monetary,statistical,medium,statistical,33528,48,18,8188,51204,1573,0,0,0,0,0,0,0.0,,/Users/jwalinshah/projects/officeqa-arena/results/runner_pool/pool-20260402T094504Z/full_traces/officeqa-big-runner-01/.arena/runs/run-20260402-111152-4cfffa/pool-20260402T094504Z-officeqa-big-runner-01-lane1-officeqa-uid0105/officeqa-uid0105__ecQZWVc
officeqa-uid0106,UID0106,106,officeqa-big-runner-01,,passed,1.0,easy,budget_and_receipts,statistical,,,19692,16,2,4220,21708,922,0,0,0,0,0,0,0.0,,/Users/jwalinshah/projects/officeqa-arena/results/runner_pool/pool-20260402T094504Z/full_traces/officeqa-big-runner-01/.arena/runs/run-20260402-112635-f43ed0/pool-20260402T094504Z-officeqa-big-runner-01-lane2-officeqa-uid0106/officeqa-uid0106__r7XyR5L
officeqa-uid0107,UID0107,107,officeqa-big-runner-01,,passed,1.0,easy,debt_and_international,statistical,,,17308,20,1,3629,20414,1900,15,0.05335,434536,9625,6495,420720,0.003082,,/Users/jwalinshah/projects/officeqa-arena/results/runner_pool/pool-20260402T094504Z/full_traces/officeqa-big-runner-01/.arena/runs/run-20260402-110615-64605b/pool-20260402T094504Z-officeqa-big-runner-01-lane3-officeqa-uid0107/officeqa-uid0107__dQfFJ82
officeqa-uid0108,UID0108,108,officeqa-big-runner-01,,failed,0.0,hard,budget_and_receipts,lookup_or_aggregation,,,31471,34,7,10679,62287,1769,0,0,0,0,0,0,0.0,,/Users/jwalinshah/projects/officeqa-arena/results/runner_pool/pool-20260402T094504Z/full_traces/officeqa-big-runner-01/.arena/runs/run-20260402-111741-4cc2c1/pool-20260402T094504Z-officeqa-big-runner-01-lane4-officeqa-uid0108/officeqa-uid0108__Une4zr4
officeqa-uid0109,UID0109,109,officeqa-big-runner-02,,passed,1.0,hard,budget_and_receipts,lookup_or_aggregation,,,14089,16,13,286,12364,2391,9,0.034446,313437,3012,2187,308672,0.002445,,/Users/jwalinshah/projects/officeqa-arena/results/runner_pool/pool-20260402T094504Z/full_traces/officeqa-big-runner-02/.arena/runs/run-20260402-115145-fe9898/pool-20260402T094504Z-officeqa-big-runner-02-lane1-officeqa-uid0109/officeqa-uid0109__3ZFXE23
officeqa-uid0110,UID0110,110,officeqa-big-runner-02,,failed,0.0,hard,macro_and_monetary,statistical,medium,geometric_mean,47532,53,8,9392,50658,1728,0,0,0,0,0,0,0.0,,/Users/jwalinshah/projects/officeqa-arena/results/runner_pool/pool-20260402T094504Z/full_traces/officeqa-big-runner-02/.arena/runs/run-20260402-111835-7b3d90/pool-20260402T094504Z-officeqa-big-runner-02-lane2-officeqa-uid0110/officeqa-uid0110__wtTfhBn
officeqa-uid0111,UID0111,111,officeqa-big-runner-02,,passed,1.0,hard,budget_and_receipts,lookup_or_aggregation,,,40675,38,6,4789,31534,1796,0,0,0,0,0,0,0.0,,/Users/jwalinshah/projects/officeqa-arena/results/runner_pool/pool-20260402T094504Z/full_traces/officeqa-big-runner-02/.arena/runs/run-20260402-111938-67bf97/pool-20260402T094504Z-officeqa-big-runner-02-lane3-officeqa-uid0111/officeqa-uid0111__Q4yKyzD
officeqa-uid0112,UID0112,112,officeqa-big-runner-02,,passed,1.0,hard,budget_and_receipts,lookup_or_aggregation,,,31074,38,2,8866,59050,1378,0,0,0,0,0,0,0.0,,/Users/jwalinshah/projects/officeqa-arena/results/runner_pool/pool-20260402T094504Z/full_traces/officeqa-big-runner-02/.arena/runs/run-20260402-113220-a4ac58/pool-20260402T094504Z-officeqa-big-runner-02-lane4-officeqa-uid0112/officeqa-uid0112__mJTsDhX
officeqa-uid0113,UID0113,113,officeqa-big-runner-01,,failed,0.0,hard,other,comparison,medium,difference,35203,27,6,7983,57038,1239,0,0,0,0,0,0,0.0,,/Users/jwalinshah/projects/officeqa-arena/results/runner_pool/pool-20260402T094504Z/full_traces/officeqa-big-runner-01/.arena/runs/run-20260402-111730-b0c248/pool-20260402T094504Z-officeqa-big-runner-01-lane1-officeqa-uid0113/officeqa-uid0113__LKNmxvR
officeqa-uid0114,UID0114,114,officeqa-big-runner-01,,failed,0.0,hard,rates_and_securities,statistical,very_hard,linear_regression,,126,2,12122,200862,696,1,0.003475,29844,488,191,29712,,/Users/jwalinshah/projects/officeqa-arena/results/runner_pool/pool-20260402T094504Z/full_traces/officeqa-big-runner-01/.arena/runs/run-20260402-113003-048ba9/pool-20260402T094504Z-officeqa-big-runner-01-lane2-officeqa-uid0114/officeqa-uid0114__ZPdiVD7/exception.txt,/Users/jwalinshah/projects/officeqa-arena/results/runner_pool/pool-20260402T094504Z/full_traces/officeqa-big-runner-01/.arena/runs/run-20260402-113003-048ba9/pool-20260402T094504Z-officeqa-big-runner-01-lane2-officeqa-uid0114/officeqa-uid0114__ZPdiVD7
officeqa-uid0115,UID0115,115,officeqa-big-runner-01,,failed,0.0,easy,fx,lookup_or_aggregation,,,35898,45,3,13990,103179,1494,0,0,0,0,0,0,0.0,,/Users/jwalinshah/projects/officeqa-arena/results/runner_pool/pool-20260402T094504Z/full_traces/officeqa-big-runner-01/.arena/runs/run-20260402-111019-38e34d/pool-20260402T094504Z-officeqa-big-runner-01-lane3-officeqa-uid0115/officeqa-uid0115__5TMk9sU
officeqa-uid0116,UID0116,116,officeqa-big-runner-01,,passed,1.0,easy,other,lookup_or_aggregation,medium,signed_deviation,41739,42,7,8128,49626,979,0,0,0,0,0,0,0.0,,/Users/jwalinshah/projects/officeqa-arena/results/runner_pool/pool-20260402T094504Z/full_traces/officeqa-big-runner-01/.arena/runs/run-20260402-112253-66c006/pool-20260402T094504Z-officeqa-big-runner-01-lane4-officeqa-uid0116/officeqa-uid0116__xP6Q8nQ
officeqa-uid0117,UID0117,117,officeqa-big-runner-02,,failed,0.0,hard,rates_and_securities,statistical,,,65486,55,7,12580,102984,1647,17,0.040472,354112,4846,2806,342976,0.000618,,/Users/jwalinshah/projects/officeqa-arena/results/runner_pool/pool-20260402T094504Z/full_traces/officeqa-big-runner-02/.arena/runs/run-20260402-115515-7426c5/pool-20260402T094504Z-officeqa-big-runner-02-lane1-officeqa-uid0117/officeqa-uid0117__BtcCdQi
officeqa-uid0118,UID0118,118,officeqa-big-runner-02,,failed,0.0,hard,rates_and_securities,comparison,,,,61,6,20146,177748,2109,0,0,0,0,0,0,,/Users/jwalinshah/projects/officeqa-arena/results/runner_pool/pool-20260402T094504Z/full_traces/officeqa-big-runner-02/.arena/runs/run-20260402-112518-c4f7b0/pool-20260402T094504Z-officeqa-big-runner-02-lane2-officeqa-uid0118/officeqa-uid0118__bBXQu9i/exception.txt,/Users/jwalinshah/projects/officeqa-arena/results/runner_pool/pool-20260402T094504Z/full_traces/officeqa-big-runner-02/.arena/runs/run-20260402-112518-c4f7b0/pool-20260402T094504Z-officeqa-big-runner-02-lane2-officeqa-uid0118/officeqa-uid0118__bBXQu9i
officeqa-uid0119,UID0119,119,officeqa-big-runner-02,,passed,1.0,easy,other,comparison,,,39810,68,19,16882,104554,2123,0,0,0,0,0,0,0.0,,/Users/jwalinshah/projects/officeqa-arena/results/runner_pool/pool-20260402T094504Z/full_traces/officeqa-big-runner-02/.arena/runs/run-20260402-112708-d8398e/pool-20260402T094504Z-officeqa-big-runner-02-lane3-officeqa-uid0119/officeqa-uid0119__Lnty3iJ
officeqa-uid0120,UID0120,120,officeqa-big-runner-02,,failed,0.0,hard,rates_and_securities,statistical,,,57331,50,5,2133,67092,1421,20,0.039247,329127,5894,3656,306624,0.000685,,/Users/jwalinshah/projects/officeqa-arena/results/runner_pool/pool-20260402T094504Z/full_traces/officeqa-big-runner-02/.arena/runs/run-20260402-113749-70e249/pool-20260402T094504Z-officeqa-big-runner-02-lane4-officeqa-uid0120/officeqa-uid0120__drHB9Kh
officeqa-uid0121,UID0121,121,officeqa-big-runner-01,,failed,0.0,hard,rates_and_securities,lookup_or_aggregation,,,45220,36,1,12682,126183,1648,0,0,0,0,0,0,0.0,,/Users/jwalinshah/projects/officeqa-arena/results/runner_pool/pool-20260402T094504Z/full_traces/officeqa-big-runner-01/.arena/runs/run-20260402-112202-d7e342/pool-20260402T094504Z-officeqa-big-runner-01-lane1-officeqa-uid0121/officeqa-uid0121__aoxMXm2
officeqa-uid0122,UID0122,122,officeqa-big-runner-01,,failed,0.0,hard,rates_and_securities,conversion,hard,ratio_analysis_with_inflation_adjustment,69950,134,19,3937,302453,1829,0,0,0,0,0,0,0.0,,/Users/jwalinshah/projects/officeqa-arena/results/runner_pool/pool-20260402T094504Z/full_traces/officeqa-big-runner-01/.arena/runs/run-20260402-114621-f8902f/pool-20260402T094504Z-officeqa-big-runner-01-lane2-officeqa-uid0122/officeqa-uid0122__Dmrm4Tp
officeqa-uid0123,UID0123,123,officeqa-big-runner-01,,failed,0.0,hard,other,comparison,,,25251,25,7,7242,45658,1688,0,0,0,0,0,0,0.0,,/Users/jwalinshah/projects/officeqa-arena/results/runner_pool/pool-20260402T094504Z/full_traces/officeqa-big-runner-01/.arena/runs/run-20260402-111715-aa942e/pool-20260402T094504Z-officeqa-big-runner-01-lane3-officeqa-uid0123/officeqa-uid0123__Tg3nTzL
officeqa-uid0124,UID0124,124,officeqa-big-runner-01,,failed,0.0,hard,rates_and_securities,comparison,medium,percentage_change_and_absolute_change,35335,36,3,6257,40403,1825,0,0,0,0,0,0,0.0,,/Users/jwalinshah/projects/officeqa-arena/results/runner_pool/pool-20260402T094504Z/full_traces/officeqa-big-runner-01/.arena/runs/run-20260402-112722-fb46b2/pool-20260402T094504Z-officeqa-big-runner-01-lane4-officeqa-uid0124/officeqa-uid0124__PXNAVxE
officeqa-uid0125,UID0125,125,officeqa-big-runner-02,,failed,0.0,easy,other,lookup_or_aggregation,,,13477,17,2,3644,23243,1010,11,0.0185,155289,2856,1990,149296,0.001373,,/Users/jwalinshah/projects/officeqa-arena/results/runner_pool/pool-20260402T094504Z/full_traces/officeqa-big-runner-02/.arena/runs/run-20260402-120649-057dc9/pool-20260402T094504Z-officeqa-big-runner-02-lane1-officeqa-uid0125/officeqa-uid0125__mwwU3Ug
officeqa-uid0126,UID0126,126,officeqa-big-runner-02,,failed,0.0,easy,rates_and_securities,lookup_or_aggregation,,,79512,116,31,2732,223053,2237,3,0.017393,159984,1223,751,151344,0.000219,,/Users/jwalinshah/projects/officeqa-arena/results/runner_pool/pool-20260402T094504Z/full_traces/officeqa-big-runner-02/.arena/runs/run-20260402-114143-84de83/pool-20260402T094504Z-officeqa-big-runner-02-lane2-officeqa-uid0126/officeqa-uid0126__YDPPEMh
officeqa-uid0127,UID0127,127,officeqa-big-runner-02,,failed,0.0,easy,other,comparison,,,26476,56,2,5806,103970,1491,6,0.002706,17402,668,411,13440,0.000102,,/Users/jwalinshah/projects/officeqa-arena/results/runner_pool/pool-20260402T094504Z/full_traces/officeqa-big-runner-02/.arena/runs/run-20260402-113525-0242fc/pool-20260402T094504Z-officeqa-big-runner-02-lane3-officeqa-uid0127/officeqa-uid0127__6m7YiGK
officeqa-uid0128,UID0128,128,officeqa-big-runner-02,,failed,0.0,easy,other,statistical,,,30539,39,12,450,40254,1284,3,0.017318,164306,878,468,163744,0.000567,,/Users/jwalinshah/projects/officeqa-arena/results/runner_pool/pool-20260402T094504Z/full_traces/officeqa-big-runner-02/.arena/runs/run-20260402-114510-ff5dd0/pool-20260402T094504Z-officeqa-big-runner-02-lane4-officeqa-uid0128/officeqa-uid0128__Ymfhw3L
officeqa-uid0129,UID0129,129,officeqa-big-runner-01,,failed,0.0,easy,rates_and_securities,lookup_or_aggregation,,,93199,115,4,11782,111520,3105,2,0.001054,3753,383,305,0,1.1e-05,,/Users/jwalinshah/projects/officeqa-arena/results/runner_pool/pool-20260402T094504Z/full_traces/officeqa-big-runner-01/.arena/runs/run-20260402-112754-a8ca67/pool-20260402T094504Z-officeqa-big-runner-01-lane1-officeqa-uid0129/officeqa-uid0129__LLQfGiv
officeqa-uid0130,UID0130,130,officeqa-big-runner-01,,passed,1.0,hard,rates_and_securities,lookup_or_aggregation,,,18405,29,5,2699,15521,1910,32,0.058658,538747,4201,1872,520528,0.003187,,/Users/jwalinshah/projects/officeqa-arena/results/runner_pool/pool-20260402T094504Z/full_traces/officeqa-big-runner-01/.arena/runs/run-20260402-120119-d6675b/pool-20260402T094504Z-officeqa-big-runner-01-lane2-officeqa-uid0130/officeqa-uid0130__xnESBtY
officeqa-uid0131,UID0131,131,officeqa-big-runner-01,,passed,1.0,easy,debt_and_international,lookup_or_aggregation,,,20798,18,3,2908,18522,1221,0,0,0,0,0,0,0.0,,/Users/jwalinshah/projects/officeqa-arena/results/runner_pool/pool-20260402T094504Z/full_traces/officeqa-big-runner-01/.arena/runs/run-20260402-112128-d9deb2/pool-20260402T094504Z-officeqa-big-runner-01-lane3-officeqa-uid0131/officeqa-uid0131__4pGCsga
officeqa-uid0132,UID0132,132,officeqa-big-runner-01,,failed,0.0,easy,budget_and_receipts,lookup_or_aggregation,,,13587,15,8,2864,19199,1281,0,0,0,0,0,0,0.0,,/Users/jwalinshah/projects/officeqa-arena/results/runner_pool/pool-20260402T094504Z/full_traces/officeqa-big-runner-01/.arena/runs/run-20260402-113129-c35714/pool-20260402T094504Z-officeqa-big-runner-01-lane4-officeqa-uid0132/officeqa-uid0132__SiGPEt6
officeqa-uid0133,UID0133,133,officeqa-big-runner-02,,failed,0.0,hard,debt_and_international,comparison,,,27966,28,10,4610,39621,2677,7,0.025677,227486,2760,1991,218896,0.000918,,/Users/jwalinshah/projects/officeqa-arena/results/runner_pool/pool-20260402T094504Z/full_traces/officeqa-big-runner-02/.arena/runs/run-20260402-121032-5d0395/pool-20260402T094504Z-officeqa-big-runner-02-lane1-officeqa-uid0133/officeqa-uid0133__ro26Up9
officeqa-uid0134,UID0134,134,officeqa-big-runner-02,,passed,1.0,hard,other,lookup_or_aggregation,,,35030,36,10,379,40787,3594,0,0,0,0,0,0,0.0,,/Users/jwalinshah/projects/officeqa-arena/results/runner_pool/pool-20260402T094504Z/full_traces/officeqa-big-runner-02/.arena/runs/run-20260402-115148-e56971/pool-20260402T094504Z-officeqa-big-runner-02-lane2-officeqa-uid0134/officeqa-uid0134__JBUnJZc
officeqa-uid0135,UID0135,135,officeqa-big-runner-02,,failed,0.0,hard,debt_and_international,lookup_or_aggregation,,,46778,64,19,5523,162936,3407,6,0.038905,342722,4564,2976,339152,0.000832,,/Users/jwalinshah/projects/officeqa-arena/results/runner_pool/pool-20260402T094504Z/full_traces/officeqa-big-runner-02/.arena/runs/run-20260402-114236-e4d5ab/pool-20260402T094504Z-officeqa-big-runner-02-lane3-officeqa-uid0135/officeqa-uid0135__LkoM4aF
officeqa-uid0136,UID0136,136,officeqa-big-runner-02,,passed,1.0,hard,other,statistical,hard,geometric_mean,54105,29,5,298,54457,3423,22,0.045876,416371,3341,2120,382064,0.000848,,/Users/jwalinshah/projects/officeqa-arena/results/runner_pool/pool-20260402T094504Z/full_traces/officeqa-big-runner-02/.arena/runs/run-20260402-114926-5ac0c3/pool-20260402T094504Z-officeqa-big-runner-02-lane4-officeqa-uid0136/officeqa-uid0136__hBHVPTF
officeqa-uid0137,UID0137,137,officeqa-big-runner-01,,passed,1.0,easy,other,comparison,,,30197,29,7,494,31815,963,23,0.041229,360046,4100,2247,314384,0.001365,,/Users/jwalinshah/projects/officeqa-arena/results/runner_pool/pool-20260402T094504Z/full_traces/officeqa-big-runner-01/.arena/runs/run-20260402-114310-f38536/pool-20260402T094504Z-officeqa-big-runner-01-lane1-officeqa-uid0137/officeqa-uid0137__PHpWpex
officeqa-uid0138,UID0138,138,officeqa-big-runner-01,,failed,0.0,easy,other,lookup_or_aggregation,,,26169,31,2,5675,32937,901,15,0.018365,145554,3298,2576,130688,0.000702,,/Users/jwalinshah/projects/officeqa-arena/results/runner_pool/pool-20260402T094504Z/full_traces/officeqa-big-runner-01/.arena/runs/run-20260402-120524-23b8f2/pool-20260402T094504Z-officeqa-big-runner-01-lane2-officeqa-uid0138/officeqa-uid0138__f8qpKFp
officeqa-uid0139,UID0139,139,officeqa-big-runner-01,,passed,1.0,easy,other,lookup_or_aggregation,,,31525,33,2,6339,40505,1394,0,0,0,0,0,0,0.0,,/Users/jwalinshah/projects/officeqa-arena/results/runner_pool/pool-20260402T094504Z/full_traces/officeqa-big-runner-01/.arena/runs/run-20260402-112424-d6aee9/pool-20260402T094504Z-officeqa-big-runner-01-lane3-officeqa-uid0139/officeqa-uid0139__ZkYrqSv
officeqa-uid0140,UID0140,140,officeqa-big-runner-01,,failed,0.0,hard,budget_and_receipts,statistical,,,74604,110,9,11802,157109,1759,5,0.016118,139399,2132,1802,136976,0.000216,,/Users/jwalinshah/projects/officeqa-arena/results/runner_pool/pool-20260402T094504Z/full_traces/officeqa-big-runner-01/.arena/runs/run-20260402-113437-d487ce/pool-20260402T094504Z-officeqa-big-runner-01-lane4-officeqa-uid0140/officeqa-uid0140__nDY5ekK
officeqa-uid0141,UID0141,141,officeqa-big-runner-02,,failed,0.0,easy,other,lookup_or_aggregation,,,31623,29,3,3111,35755,1628,4,0.004732,79913,1314,1157,76128,0.00015,,/Users/jwalinshah/projects/officeqa-arena/results/runner_pool/pool-20260402T094504Z/full_traces/officeqa-big-runner-02/.arena/runs/run-20260402-121622-0f821a/pool-20260402T094504Z-officeqa-big-runner-02-lane1-officeqa-uid0141/officeqa-uid0141__39iEWy6
officeqa-uid0142,UID0142,142,officeqa-big-runner-02,,passed,1.0,easy,other,lookup_or_aggregation,,,18316,16,1,2713,18566,1395,43,0.049479,408064,6905,4472,362576,0.002701,,/Users/jwalinshah/projects/officeqa-arena/results/runner_pool/pool-20260402T094504Z/full_traces/officeqa-big-runner-02/.arena/runs/run-20260402-115630-7a25a4/pool-20260402T094504Z-officeqa-big-runner-02-lane2-officeqa-uid0142/officeqa-uid0142__Jh2ACUR
officeqa-uid0143,UID0143,143,officeqa-big-runner-02,,passed,1.0,easy,rates_and_securities,lookup_or_aggregation,,,76173,46,8,432,75857,1209,0,0,0,0,0,0,0.0,,/Users/jwalinshah/projects/officeqa-arena/results/runner_pool/pool-20260402T094504Z/full_traces/officeqa-big-runner-02/.arena/runs/run-20260402-115216-2bf272/pool-20260402T094504Z-officeqa-big-runner-02-lane3-officeqa-uid0143/officeqa-uid0143__kRmjGcv
officeqa-uid0144,UID0144,144,officeqa-big-runner-02,,failed,0.0,easy,other,statistical,,,108528,70,10,2763,71702,1659,30,0.051905,448474,6694,3952,429472,0.000478,,/Users/jwalinshah/projects/officeqa-arena/results/runner_pool/pool-20260402T094504Z/full_traces/officeqa-big-runner-02/.arena/runs/run-20260402-115438-857363/pool-20260402T094504Z-officeqa-big-runner-02-lane4-officeqa-uid0144/officeqa-uid0144__dbfpt5S
officeqa-uid0145,UID0145,145,officeqa-big-runner-01,,passed,1.0,easy,rates_and_securities,lookup_or_aggregation,,,38482,30,3,251,45466,1937,0,0,0,0,0,0,0.0,,/Users/jwalinshah/projects/officeqa-arena/results/runner_pool/pool-20260402T094504Z/full_traces/officeqa-big-runner-01/.arena/runs/run-20260402-114829-803da9/pool-20260402T094504Z-officeqa-big-runner-01-lane1-officeqa-uid0145/officeqa-uid0145__nRDX2AU
officeqa-uid0146,UID0146,146,officeqa-big-runner-01,,failed,0.0,easy,rates_and_securities,lookup_or_aggregation,,,21835,12,2,3558,28788,1240,34,0.090987,817321,8378,4895,783520,0.004167,,/Users/jwalinshah/projects/officeqa-arena/results/runner_pool/pool-20260402T094504Z/full_traces/officeqa-big-runner-01/.arena/runs/run-20260402-121028-9b7a18/pool-20260402T094504Z-officeqa-big-runner-01-lane2-officeqa-uid0146/officeqa-uid0146__VWJGdsn
officeqa-uid0147,UID0147,147,officeqa-big-runner-01,,passed,1.0,hard,rates_and_securities,statistical,medium,linear_regression,37182,42,5,7874,57461,1611,0,0,0,0,0,0,0.0,,/Users/jwalinshah/projects/officeqa-arena/results/runner_pool/pool-20260402T094504Z/full_traces/officeqa-big-runner-01/.arena/runs/run-20260402-112905-437089/pool-20260402T094504Z-officeqa-big-runner-01-lane3-officeqa-uid0147/officeqa-uid0147__p2NYjAq
officeqa-uid0148,UID0148,148,officeqa-big-runner-01,,passed,1.0,hard,rates_and_securities,statistical,,,61728,44,8,359,112413,1118,0,0,0,0,0,0,0.0,,/Users/jwalinshah/projects/officeqa-arena/results/runner_pool/pool-20260402T094504Z/full_traces/officeqa-big-runner-01/.arena/runs/run-20260402-114953-e0f05c/pool-20260402T094504Z-officeqa-big-runner-01-lane4-officeqa-uid0148/officeqa-uid0148__asudBeV
officeqa-uid0149,UID0149,149,officeqa-big-runner-02,,failed,0.0,hard,rates_and_securities,lookup_or_aggregation,,,28132,24,2,3867,46004,1899,3,0.008773,213369,2266,1841,212448,0.000312,,/Users/jwalinshah/projects/officeqa-arena/results/runner_pool/pool-20260402T094504Z/full_traces/officeqa-big-runner-02/.arena/runs/run-20260402-122027-67ef8e/pool-20260402T094504Z-officeqa-big-runner-02-lane1-officeqa-uid0149/officeqa-uid0149__RuYazjQ
officeqa-uid0150,UID0150,150,officeqa-big-runner-02,,failed,0.0,hard,fx,comparison,,,63047,54,7,10828,72503,1996,62,0.118995,1006505,16639,11712,942128,0.001887,,/Users/jwalinshah/projects/officeqa-arena/results/runner_pool/pool-20260402T094504Z/full_traces/officeqa-big-runner-02/.arena/runs/run-20260402-120141-b6b675/pool-20260402T094504Z-officeqa-big-runner-02-lane2-officeqa-uid0150/officeqa-uid0150__3oGoUi5
officeqa-uid0151,UID0151,151,officeqa-big-runner-02,,passed,1.0,easy,rates_and_securities,comparison,,,59479,53,2,11370,87338,2049,34,0.057976,465328,10770,5629,441968,0.000975,,/Users/jwalinshah/projects/officeqa-arena/results/runner_pool/pool-20260402T094504Z/full_traces/officeqa-big-runner-02/.arena/runs/run-20260402-115939-91d401/pool-20260402T094504Z-officeqa-big-runner-02-lane3-officeqa-uid0151/officeqa-uid0151__UTWgKHk
officeqa-uid0152,UID0152,152,officeqa-big-runner-02,,passed,1.0,easy,budget_and_receipts,comparison,,,9924,8,2,2235,12649,1438,27,0.042221,320137,9660,6054,303040,0.004254,,/Users/jwalinshah/projects/officeqa-arena/results/runner_pool/pool-20260402T094504Z/full_traces/officeqa-big-runner-02/.arena/runs/run-20260402-120501-a2e4bd/pool-20260402T094504Z-officeqa-big-runner-02-lane4-officeqa-uid0152/officeqa-uid0152__qnA69Et
officeqa-uid0153,UID0153,153,officeqa-big-runner-01,,failed,0.0,easy,other,comparison,,,,4,2,330,3834,274,0,0,0,0,0,0,,/Users/jwalinshah/projects/officeqa-arena/results/runner_pool/pool-20260402T094504Z/full_traces/officeqa-big-runner-01/.arena/runs/run-20260402-115302-2a5e2a/pool-20260402T094504Z-officeqa-big-runner-01-lane1-officeqa-uid0153/officeqa-uid0153__miERw52/exception.txt,/Users/jwalinshah/projects/officeqa-arena/results/runner_pool/pool-20260402T094504Z/full_traces/officeqa-big-runner-01/.arena/runs/run-20260402-115302-2a5e2a/pool-20260402T094504Z-officeqa-big-runner-01-lane1-officeqa-uid0153/officeqa-uid0153__miERw52
officeqa-uid0154,UID0154,154,officeqa-big-runner-01,,failed,0.0,hard,rates_and_securities,lookup_or_aggregation,,,45149,35,1,7817,98800,2192,14,0.094239,901401,8553,6868,894752,0.002087,,/Users/jwalinshah/projects/officeqa-arena/results/runner_pool/pool-20260402T094504Z/full_traces/officeqa-big-runner-01/.arena/runs/run-20260402-121346-3da69e/pool-20260402T094504Z-officeqa-big-runner-01-lane2-officeqa-uid0154/officeqa-uid0154__AFABfU8
officeqa-uid0155,UID0155,155,officeqa-big-runner-01,,passed,1.0,hard,other,statistical,,,16854,23,4,6002,36149,2302,11,0.008447,71982,1078,575,63120,0.000501,,/Users/jwalinshah/projects/officeqa-arena/results/runner_pool/pool-20260402T094504Z/full_traces/officeqa-big-runner-01/.arena/runs/run-20260402-113345-828dd3/pool-20260402T094504Z-officeqa-big-runner-01-lane3-officeqa-uid0155/officeqa-uid0155__RgrUhxA
officeqa-uid0156,UID0156,156,officeqa-big-runner-01,,failed,0.0,easy,debt_and_international,comparison,,,27273,40,2,10080,88967,1373,30,0.049806,421331,6752,3393,397456,0.001826,,/Users/jwalinshah/projects/officeqa-arena/results/runner_pool/pool-20260402T094504Z/full_traces/officeqa-big-runner-01/.arena/runs/run-20260402-115728-33364b/pool-20260402T094504Z-officeqa-big-runner-01-lane4-officeqa-uid0156/officeqa-uid0156__oo5xMV7
officeqa-uid0157,UID0157,157,officeqa-big-runner-02,,failed,0.0,easy,other,comparison,,,6561,6,4,643,4910,1000,1,0.003407,76568,1066,657,76160,0.000519,,/Users/jwalinshah/projects/officeqa-arena/results/runner_pool/pool-20260402T094504Z/full_traces/officeqa-big-runner-02/.arena/runs/run-20260402-122739-3805ca/pool-20260402T094504Z-officeqa-big-runner-02-lane1-officeqa-uid0157/officeqa-uid0157__hSreTrV
officeqa-uid0158,UID0158,158,officeqa-big-runner-02,,failed,0.0,easy,rates_and_securities,comparison,,,50284,35,17,10201,120956,3821,5,0.009743,229324,2763,2060,228320,0.000194,,/Users/jwalinshah/projects/officeqa-arena/results/runner_pool/pool-20260402T094504Z/full_traces/officeqa-big-runner-02/.arena/runs/run-20260402-121616-c4f7f3/pool-20260402T094504Z-officeqa-big-runner-02-lane2-officeqa-uid0158/officeqa-uid0158__EFuPNxu
officeqa-uid0159,UID0159,159,officeqa-big-runner-02,,failed,0.0,easy,fx,comparison,,,52993,98,6,23831,241076,3407,60,0.274881,2407069,25923,19016,2271024,0.005187,,/Users/jwalinshah/projects/officeqa-arena/results/runner_pool/pool-20260402T094504Z/full_traces/officeqa-big-runner-02/.arena/runs/run-20260402-120755-d7cf33/pool-20260402T094504Z-officeqa-big-runner-02-lane3-officeqa-uid0159/officeqa-uid0159__cHhYJkk
officeqa-uid0160,UID0160,160,officeqa-big-runner-02,,passed,1.0,easy,budget_and_receipts,comparison,,,25640,27,5,4354,28198,1330,45,0.159643,1430595,15655,10175,1383184,0.006226,,/Users/jwalinshah/projects/officeqa-arena/results/runner_pool/pool-20260402T094504Z/full_traces/officeqa-big-runner-02/.arena/runs/run-20260402-120824-70786e/pool-20260402T094504Z-officeqa-big-runner-02-lane4-officeqa-uid0160/officeqa-uid0160__f5xS9Cz
officeqa-uid0161,UID0161,161,officeqa-big-runner-01,,failed,0.0,hard,rates_and_securities,comparison,,,,42,0,10062,69853,117,9,0.011895,90433,2489,1609,82736,,/Users/jwalinshah/projects/officeqa-arena/results/runner_pool/pool-20260402T094504Z/full_traces/officeqa-big-runner-01/.arena/runs/run-20260402-115531-3f2032/pool-20260402T094504Z-officeqa-big-runner-01-lane1-officeqa-uid0161/officeqa-uid0161__K573hPN/exception.txt,/Users/jwalinshah/projects/officeqa-arena/results/runner_pool/pool-20260402T094504Z/full_traces/officeqa-big-runner-01/.arena/runs/run-20260402-115531-3f2032/pool-20260402T094504Z-officeqa-big-runner-01-lane1-officeqa-uid0161/officeqa-uid0161__K573hPN
officeqa-uid0162,UID0162,162,officeqa-big-runner-01,,passed,1.0,easy,other,comparison,,,16543,24,13,2670,22261,1759,1,0.003351,71845,1112,1021,71264,0.000203,,/Users/jwalinshah/projects/officeqa-arena/results/runner_pool/pool-20260402T094504Z/full_traces/officeqa-big-runner-01/.arena/runs/run-20260402-122151-fd257f/pool-20260402T094504Z-officeqa-big-runner-01-lane2-officeqa-uid0162/officeqa-uid0162__2vqWnHh
officeqa-uid0163,UID0163,163,officeqa-big-runner-01,,passed,1.0,easy,other,comparison,,,18085,10,2,2215,15353,580,0,0,0,0,0,0,0.0,,/Users/jwalinshah/projects/officeqa-arena/results/runner_pool/pool-20260402T094504Z/full_traces/officeqa-big-runner-01/.arena/runs/run-20260402-113722-794cd2/pool-20260402T094504Z-officeqa-big-runner-01-lane3-officeqa-uid0163/officeqa-uid0163__MpbaPxE
officeqa-uid0164,UID0164,164,officeqa-big-runner-01,,passed,1.0,easy,other,lookup_or_aggregation,,,27824,24,2,4081,26040,648,10,0.012444,97494,2283,1767,87904,0.000447,,/Users/jwalinshah/projects/officeqa-arena/results/runner_pool/pool-20260402T094504Z/full_traces/officeqa-big-runner-01/.arena/runs/run-20260402-120510-de5c32/pool-20260402T094504Z-officeqa-big-runner-01-lane4-officeqa-uid0164/officeqa-uid0164__tV3UsCu
officeqa-uid0165,UID0165,165,officeqa-big-runner-02,,failed,0.0,hard,fx,comparison,,,,63,6,12779,152613,1105,0,0,0,0,0,0,,/Users/jwalinshah/projects/officeqa-arena/results/runner_pool/pool-20260402T094504Z/full_traces/officeqa-big-runner-02/.arena/runs/run-20260402-123030-f6ee5d/pool-20260402T094504Z-officeqa-big-runner-02-lane1-officeqa-uid0165/officeqa-uid0165__rnBDscK/exception.txt,/Users/jwalinshah/projects/officeqa-arena/results/runner_pool/pool-20260402T094504Z/full_traces/officeqa-big-runner-02/.arena/runs/run-20260402-123030-f6ee5d/pool-20260402T094504Z-officeqa-big-runner-02-lane1-officeqa-uid0165/officeqa-uid0165__rnBDscK
officeqa-uid0166,UID0166,166,officeqa-big-runner-02,,failed,0.0,easy,rates_and_securities,comparison,,,27891,23,2,2112,19662,899,0,0,0,0,0,0,0.0,,/Users/jwalinshah/projects/officeqa-arena/results/runner_pool/pool-20260402T094504Z/full_traces/officeqa-big-runner-02/.arena/runs/run-20260402-122418-97a2b2/pool-20260402T094504Z-officeqa-big-runner-02-lane2-officeqa-uid0166/officeqa-uid0166__VyeFTS7
officeqa-uid0167,UID0167,167,officeqa-big-runner-02,,passed,1.0,easy,rates_and_securities,lookup_or_aggregation,,,22702,26,9,1490,16031,807,0,0,0,0,0,0,0.0,,/Users/jwalinshah/projects/officeqa-arena/results/runner_pool/pool-20260402T094504Z/full_traces/officeqa-big-runner-02/.arena/runs/run-20260402-122318-f718fe/pool-20260402T094504Z-officeqa-big-runner-02-lane3-officeqa-uid0167/officeqa-uid0167__VCLcqLa
officeqa-uid0168,UID0168,168,officeqa-big-runner-02,,failed,0.0,hard,rates_and_securities,statistical,,,113644,63,1,10355,131574,1977,1,0.000714,9183,422,340,9024,6e-06,,/Users/jwalinshah/projects/officeqa-arena/results/runner_pool/pool-20260402T094504Z/full_traces/officeqa-big-runner-02/.arena/runs/run-20260402-121320-605cf4/pool-20260402T094504Z-officeqa-big-runner-02-lane4-officeqa-uid0168/officeqa-uid0168__YtYbRNY
officeqa-uid0169,UID0169,169,officeqa-big-runner-01,,passed,1.0,hard,rates_and_securities,lookup_or_aggregation,,,27231,17,2,3759,26670,1475,33,0.08081,685505,11413,8883,653168,0.002968,,/Users/jwalinshah/projects/officeqa-arena/results/runner_pool/pool-20260402T094504Z/full_traces/officeqa-big-runner-01/.arena/runs/run-20260402-121142-efa7c4/pool-20260402T094504Z-officeqa-big-runner-01-lane1-officeqa-uid0169/officeqa-uid0169__afwzNnF
officeqa-uid0170,UID0170,170,officeqa-big-runner-01,,failed,0.0,hard,other,lookup_or_aggregation,,,75933,33,9,5422,62188,1994,3,0.030751,234533,2567,1384,155072,0.000405,,/Users/jwalinshah/projects/officeqa-arena/results/runner_pool/pool-20260402T094504Z/full_traces/officeqa-big-runner-01/.arena/runs/run-20260402-122825-789455/pool-20260402T094504Z-officeqa-big-runner-01-lane2-officeqa-uid0170/officeqa-uid0170__FBBw5z5
officeqa-uid0171,UID0171,171,officeqa-big-runner-01,,passed,1.0,easy,fx,comparison,,,63802,59,5,1246,69616,1924,0,0,0,0,0,0,0.0,,/Users/jwalinshah/projects/officeqa-arena/results/runner_pool/pool-20260402T094504Z/full_traces/officeqa-big-runner-01/.arena/runs/run-20260402-113948-6c16cb/pool-20260402T094504Z-officeqa-big-runner-01-lane3-officeqa-uid0171/officeqa-uid0171__zyLWSwe
officeqa-uid0172,UID0172,172,officeqa-big-runner-01,,failed,0.0,hard,fx,comparison,,,55340,46,7,5434,42007,2256,18,0.090235,768902,12816,10529,742048,0.001631,,/Users/jwalinshah/projects/officeqa-arena/results/runner_pool/pool-20260402T094504Z/full_traces/officeqa-big-runner-01/.arena/runs/run-20260402-120956-9e6670/pool-20260402T094504Z-officeqa-big-runner-01-lane4-officeqa-uid0172/officeqa-uid0172__vgwjmsc
officeqa-uid0173,UID0173,173,officeqa-big-runner-02,,passed,1.0,hard,rates_and_securities,lookup_or_aggregation,,,23660,38,16,5855,59971,1764,0,0,0,0,0,0,0.0,,/Users/jwalinshah/projects/officeqa-arena/results/runner_pool/pool-20260402T094504Z/full_traces/officeqa-big-runner-02/.arena/runs/run-20260402-124711-8f7ba7/pool-20260402T094504Z-officeqa-big-runner-02-lane1-officeqa-uid0173/officeqa-uid0173__BU8fqKj
officeqa-uid0174,UID0174,174,officeqa-big-runner-02,,passed,1.0,hard,other,lookup_or_aggregation,,,52640,43,5,4601,51516,2253,2,0.005734,159638,885,634,159200,0.000109,,/Users/jwalinshah/projects/officeqa-arena/results/runner_pool/pool-20260402T094504Z/full_traces/officeqa-big-runner-02/.arena/runs/run-20260402-122927-f4a270/pool-20260402T094504Z-officeqa-big-runner-02-lane2-officeqa-uid0174/officeqa-uid0174__XLbtxZy
officeqa-uid0175,UID0175,175,officeqa-big-runner-02,,failed,0.0,hard,rates_and_securities,statistical,medium,variance,18677,33,4,4537,47716,873,0,0,0,0,0,0,0.0,,/Users/jwalinshah/projects/officeqa-arena/results/runner_pool/pool-20260402T094504Z/full_traces/officeqa-big-runner-02/.arena/runs/run-20260402-122901-2b3cf7/pool-20260402T094504Z-officeqa-big-runner-02-lane3-officeqa-uid0175/officeqa-uid0175__2JXuSpM
officeqa-uid0176,UID0176,176,officeqa-big-runner-02,,passed,1.0,easy,budget_and_receipts,lookup_or_aggregation,medium,extraction,18916,18,4,1571,16430,1276,2,0.006747,151123,1607,1034,148256,0.000357,,/Users/jwalinshah/projects/officeqa-arena/results/runner_pool/pool-20260402T094504Z/full_traces/officeqa-big-runner-02/.arena/runs/run-20260402-122508-188d29/pool-20260402T094504Z-officeqa-big-runner-02-lane4-officeqa-uid0176/officeqa-uid0176__CHorxXv
officeqa-uid0177,UID0177,177,officeqa-big-runner-01,,passed,1.0,hard,fx,statistical,,,33311,43,9,4840,55174,1832,4,0.005263,90433,1659,1443,86368,0.000158,,/Users/jwalinshah/projects/officeqa-arena/results/runner_pool/pool-20260402T094504Z/full_traces/officeqa-big-runner-01/.arena/runs/run-20260402-121520-9ed721/pool-20260402T094504Z-officeqa-big-runner-01-lane1-officeqa-uid0177/officeqa-uid0177__ffcjQTD
officeqa-uid0178,UID0178,178,officeqa-big-runner-01,,passed,1.0,easy,other,statistical,,,16391,30,4,3312,34502,1245,0,0,0,0,0,0,0.0,,/Users/jwalinshah/projects/officeqa-arena/results/runner_pool/pool-20260402T094504Z/full_traces/officeqa-big-runner-01/.arena/runs/run-20260402-123608-13da6d/pool-20260402T094504Z-officeqa-big-runner-01-lane2-officeqa-uid0178/officeqa-uid0178__oAFQjXL
officeqa-uid0179,UID0179,179,officeqa-big-runner-01,,failed,0.0,hard,fx,lookup_or_aggregation,,,,210,43,7590,291742,6553,0,0,0,0,0,0,,/Users/jwalinshah/projects/officeqa-arena/results/runner_pool/pool-20260402T094504Z/full_traces/officeqa-big-runner-01/.arena/runs/run-20260402-114651-5b7dab/pool-20260402T094504Z-officeqa-big-runner-01-lane3-officeqa-uid0179/officeqa-uid0179__r9uh59v/exception.txt,/Users/jwalinshah/projects/officeqa-arena/results/runner_pool/pool-20260402T094504Z/full_traces/officeqa-big-runner-01/.arena/runs/run-20260402-114651-5b7dab/pool-20260402T094504Z-officeqa-big-runner-01-lane3-officeqa-uid0179/officeqa-uid0179__r9uh59v
officeqa-uid0180,UID0180,180,officeqa-big-runner-01,,passed,1.0,hard,rates_and_securities,lookup_or_aggregation,,,12664,13,8,1085,8464,1414,2,0.003376,78961,984,782,78656,0.000267,,/Users/jwalinshah/projects/officeqa-arena/results/runner_pool/pool-20260402T094504Z/full_traces/officeqa-big-runner-01/.arena/runs/run-20260402-121753-ce49e8/pool-20260402T094504Z-officeqa-big-runner-01-lane4-officeqa-uid0180/officeqa-uid0180__FKGrGPk
officeqa-uid0181,UID0181,181,officeqa-big-runner-02,,passed,1.0,easy,other,lookup_or_aggregation,medium,range,37712,35,6,2677,28361,1715,0,0,0,0,0,0,0.0,,/Users/jwalinshah/projects/officeqa-arena/results/runner_pool/pool-20260402T094504Z/full_traces/officeqa-big-runner-02/.arena/runs/run-20260402-125437-4a2360/pool-20260402T094504Z-officeqa-big-runner-02-lane1-officeqa-uid0181/officeqa-uid0181__qkurBvV
officeqa-uid0182,UID0182,182,officeqa-big-runner-02,,failed,0.0,hard,debt_and_international,lookup_or_aggregation,,,68710,61,5,10921,156972,3863,0,0,0,0,0,0,0.0,,/Users/jwalinshah/projects/officeqa-arena/results/runner_pool/pool-20260402T094504Z/full_traces/officeqa-big-runner-02/.arena/runs/run-20260402-123802-14a66f/pool-20260402T094504Z-officeqa-big-runner-02-lane2-officeqa-uid0182/officeqa-uid0182__B36NBUe
officeqa-uid0183,UID0183,183,officeqa-big-runner-02,,failed,0.0,hard,fx,comparison,,,42187,37,4,3798,43803,2023,0,0,0,0,0,0,0.0,,/Users/jwalinshah/projects/officeqa-arena/results/runner_pool/pool-20260402T094504Z/full_traces/officeqa-big-runner-02/.arena/runs/run-20260402-123731-1fb1d0/pool-20260402T094504Z-officeqa-big-runner-02-lane3-officeqa-uid0183/officeqa-uid0183__PK4tGsz
officeqa-uid0184,UID0184,184,officeqa-big-runner-02,,passed,1.0,hard,rates_and_securities,lookup_or_aggregation,,,106855,31,4,3853,34730,2497,1,0.003132,79533,629,570,78912,2.9e-05,,/Users/jwalinshah/projects/officeqa-arena/results/runner_pool/pool-20260402T094504Z/full_traces/officeqa-big-runner-02/.arena/runs/run-20260402-122915-997442/pool-20260402T094504Z-officeqa-big-runner-02-lane4-officeqa-uid0184/officeqa-uid0184__aEgtUV5
officeqa-uid0185,UID0185,185,officeqa-big-runner-01,,passed,1.0,easy,rates_and_securities,statistical,,,84328,65,8,5444,54270,1086,2,0.005261,146580,840,751,146304,6.2e-05,,/Users/jwalinshah/projects/officeqa-arena/results/runner_pool/pool-20260402T094504Z/full_traces/officeqa-big-runner-01/.arena/runs/run-20260402-122211-bfabc9/pool-20260402T094504Z-officeqa-big-runner-01-lane1-officeqa-uid0185/officeqa-uid0185__KmPpU2A
officeqa-uid0186,UID0186,186,officeqa-big-runner-01,,passed,1.0,easy,other,lookup_or_aggregation,,,73032,56,1,6642,65832,1846,0,0,0,0,0,0,0.0,,/Users/jwalinshah/projects/officeqa-arena/results/runner_pool/pool-20260402T094504Z/full_traces/officeqa-big-runner-01/.arena/runs/run-20260402-124118-e0d48d/pool-20260402T094504Z-officeqa-big-runner-01-lane2-officeqa-uid0186/officeqa-uid0186__BU9Q2Wy
officeqa-uid0187,UID0187,187,officeqa-big-runner-01,,passed,1.0,hard,macro_and_monetary,statistical,medium,geometric_mean,32870,27,2,2438,13696,1243,33,0.067069,529111,13658,8557,514256,0.00204,,/Users/jwalinshah/projects/officeqa-arena/results/runner_pool/pool-20260402T094504Z/full_traces/officeqa-big-runner-01/.arena/runs/run-20260402-120308-555b0d/pool-20260402T094504Z-officeqa-big-runner-01-lane3-officeqa-uid0187/officeqa-uid0187__SeRtLGm
officeqa-uid0188,UID0188,188,officeqa-big-runner-01,,failed,0.0,hard,macro_and_monetary,lookup_or_aggregation,,,,27,5,1685,17498,1578,4,0.010819,309162,1366,875,308128,,/Users/jwalinshah/projects/officeqa-arena/results/runner_pool/pool-20260402T094504Z/full_traces/officeqa-big-runner-01/.arena/runs/run-20260402-122133-896887/pool-20260402T094504Z-officeqa-big-runner-01-lane4-officeqa-uid0188/officeqa-uid0188__K4PJKLX/exception.txt,/Users/jwalinshah/projects/officeqa-arena/results/runner_pool/pool-20260402T094504Z/full_traces/officeqa-big-runner-01/.arena/runs/run-20260402-122133-896887/pool-20260402T094504Z-officeqa-big-runner-01-lane4-officeqa-uid0188/officeqa-uid0188__K4PJKLX
officeqa-uid0189,UID0189,189,officeqa-big-runner-02,,passed,1.0,easy,rates_and_securities,lookup_or_aggregation,,,46335,38,3,9433,59852,1804,0,0,0,0,0,0,0.0,,/Users/jwalinshah/projects/officeqa-arena/results/runner_pool/pool-20260402T094504Z/full_traces/officeqa-big-runner-02/.arena/runs/run-20260402-130022-728301/pool-20260402T094504Z-officeqa-big-runner-02-lane1-officeqa-uid0189/officeqa-uid0189__2vsuWLD
officeqa-uid0190,UID0190,190,officeqa-big-runner-02,,failed,0.0,hard,budget_and_receipts,comparison,,,19929,23,7,1390,13569,1446,0,0,0,0,0,0,0.0,,/Users/jwalinshah/projects/officeqa-arena/results/runner_pool/pool-20260402T094504Z/full_traces/officeqa-big-runner-02/.arena/runs/run-20260402-125222-b0f08f/pool-20260402T094504Z-officeqa-big-runner-02-lane2-officeqa-uid0190/officeqa-uid0190__8Dpsduo
officeqa-uid0191,UID0191,191,officeqa-big-runner-02,,failed,0.0,easy,budget_and_receipts,comparison,,,32064,25,6,1825,16747,1226,0,0,0,0,0,0,0.0,,/Users/jwalinshah/projects/officeqa-arena/results/runner_pool/pool-20260402T094504Z/full_traces/officeqa-big-runner-02/.arena/runs/run-20260402-124500-6e10c5/pool-20260402T094504Z-officeqa-big-runner-02-lane3-officeqa-uid0191/officeqa-uid0191__ZsWv5kw
officeqa-uid0192,UID0192,192,officeqa-big-runner-02,,passed,1.0,easy,other,comparison,,,38409,37,7,4023,45697,1823,0,0,0,0,0,0,0.0,,/Users/jwalinshah/projects/officeqa-arena/results/runner_pool/pool-20260402T094504Z/full_traces/officeqa-big-runner-02/.arena/runs/run-20260402-123718-103db2/pool-20260402T094504Z-officeqa-big-runner-02-lane4-officeqa-uid0192/officeqa-uid0192__enoYeRs
officeqa-uid0193,UID0193,193,officeqa-big-runner-01,,failed,0.0,hard,fx,comparison,,,55961,86,11,11246,130549,2011,0,0,0,0,0,0,0.0,,/Users/jwalinshah/projects/officeqa-arena/results/runner_pool/pool-20260402T094504Z/full_traces/officeqa-big-runner-01/.arena/runs/run-20260402-123133-ed5959/pool-20260402T094504Z-officeqa-big-runner-01-lane1-officeqa-uid0193/officeqa-uid0193__nWrcxUH
officeqa-uid0194,UID0194,194,officeqa-big-runner-01,,passed,1.0,hard,debt_and_international,comparison,,,36264,23,7,1923,18781,1098,0,0,0,0,0,0,0.0,,/Users/jwalinshah/projects/officeqa-arena/results/runner_pool/pool-20260402T094504Z/full_traces/officeqa-big-runner-01/.arena/runs/run-20260402-125439-dd6751/pool-20260402T094504Z-officeqa-big-runner-01-lane2-officeqa-uid0194/officeqa-uid0194__eEnDJ2g
officeqa-uid0195,UID0195,195,officeqa-big-runner-01,,passed,1.0,hard,rates_and_securities,statistical,,,77791,40,1,5708,42516,1088,6,0.01888,155748,3001,2046,151840,0.000243,,/Users/jwalinshah/projects/officeqa-arena/results/runner_pool/pool-20260402T094504Z/full_traces/officeqa-big-runner-01/.arena/runs/run-20260402-120751-3956bd/pool-20260402T094504Z-officeqa-big-runner-01-lane3-officeqa-uid0195/officeqa-uid0195__PfFvqjk
officeqa-uid0196,UID0196,196,officeqa-big-runner-01,,failed,0.0,hard,other,comparison,,,20168,38,11,2646,29877,1146,0,0,0,0,0,0,0.0,,/Users/jwalinshah/projects/officeqa-arena/results/runner_pool/pool-20260402T094504Z/full_traces/officeqa-big-runner-01/.arena/runs/run-20260402-123756-d970e5/pool-20260402T094504Z-officeqa-big-runner-01-lane4-officeqa-uid0196/officeqa-uid0196__FE5BrsP
officeqa-uid0197,UID0197,197,officeqa-big-runner-02,,passed,1.0,easy,other,lookup_or_aggregation,,,27452,21,4,1680,14804,2029,0,0,0,0,0,0,0.0,,/Users/jwalinshah/projects/officeqa-arena/results/runner_pool/pool-20260402T094504Z/full_traces/officeqa-big-runner-02/.arena/runs/run-20260402-130806-dd736d/pool-20260402T094504Z-officeqa-big-runner-02-lane1-officeqa-uid0197/officeqa-uid0197__poJmoKe
officeqa-uid0198,UID0198,198,officeqa-big-runner-02,,passed,1.0,easy,rates_and_securities,lookup_or_aggregation,,,80438,55,1,6271,72506,3833,0,0,0,0,0,0,0.0,,/Users/jwalinshah/projects/officeqa-arena/results/runner_pool/pool-20260402T094504Z/full_traces/officeqa-big-runner-02/.arena/runs/run-20260402-125538-4b2853/pool-20260402T094504Z-officeqa-big-runner-02-lane2-officeqa-uid0198/officeqa-uid0198__HvxbiGa
officeqa-uid0199,UID0199,199,officeqa-big-runner-02,,passed,1.0,easy,macro_and_monetary,lookup_or_aggregation,,,58144,46,9,5705,68982,2841,0,0,0,0,0,0,0.0,,/Users/jwalinshah/projects/officeqa-arena/results/runner_pool/pool-20260402T094504Z/full_traces/officeqa-big-runner-02/.arena/runs/run-20260402-125052-cfd267/pool-20260402T094504Z-officeqa-big-runner-02-lane3-officeqa-uid0199/officeqa-uid0199__gsvKBXd
officeqa-uid0200,UID0200,200,officeqa-big-runner-02,,passed,1.0,easy,other,lookup_or_aggregation,,,73876,29,1,2250,23893,1100,0,0,0,0,0,0,0.0,,/Users/jwalinshah/projects/officeqa-arena/results/runner_pool/pool-20260402T094504Z/full_traces/officeqa-big-runner-02/.arena/runs/run-20260402-124615-9a3d02/pool-20260402T094504Z-officeqa-big-runner-02-lane4-officeqa-uid0200/officeqa-uid0200__kr7qQLP
officeqa-uid0201,UID0201,201,officeqa-big-runner-01,,failed,0.0,hard,budget_and_receipts,lookup_or_aggregation,,,33715,60,14,8475,103657,3920,0,0,0,0,0,0,0.0,,/Users/jwalinshah/projects/officeqa-arena/results/runner_pool/pool-20260402T094504Z/full_traces/officeqa-big-runner-01/.arena/runs/run-20260402-124706-ea168f/pool-20260402T094504Z-officeqa-big-runner-01-lane1-officeqa-uid0201/officeqa-uid0201__iFNTuRC
officeqa-uid0202,UID0202,202,officeqa-big-runner-01,,passed,1.0,easy,macro_and_monetary,lookup_or_aggregation,,,25926,33,6,5239,57601,1323,0,0,0,0,0,0,0.0,,/Users/jwalinshah/projects/officeqa-arena/results/runner_pool/pool-20260402T094504Z/full_traces/officeqa-big-runner-01/.arena/runs/run-20260402-125927-eacc18/pool-20260402T094504Z-officeqa-big-runner-01-lane2-officeqa-uid0202/officeqa-uid0202__ABpqJvT
officeqa-uid0203,UID0203,203,officeqa-big-runner-01,,passed,1.0,hard,fx,statistical,,,43426,58,12,5495,62872,1445,2,0.003211,78555,756,526,77984,7.4e-05,,/Users/jwalinshah/projects/officeqa-arena/results/runner_pool/pool-20260402T094504Z/full_traces/officeqa-big-runner-01/.arena/runs/run-20260402-121547-fa319c/pool-20260402T094504Z-officeqa-big-runner-01-lane3-officeqa-uid0203/officeqa-uid0203__siMtBd4
officeqa-uid0204,UID0204,204,officeqa-big-runner-01,,passed,1.0,hard,budget_and_receipts,comparison,medium,absolute_difference,23593,11,3,1512,15773,1319,0,0,0,0,0,0,0.0,,/Users/jwalinshah/projects/officeqa-arena/results/runner_pool/pool-20260402T094504Z/full_traces/officeqa-big-runner-01/.arena/runs/run-20260402-124414-b169e1/pool-20260402T094504Z-officeqa-big-runner-01-lane4-officeqa-uid0204/officeqa-uid0204__6aan6W9
officeqa-uid0205,UID0205,205,officeqa-big-runner-02,,passed,1.0,hard,fx,statistical,,,51776,38,10,3766,44735,1911,0,0,0,0,0,0,0.0,,/Users/jwalinshah/projects/officeqa-arena/results/runner_pool/pool-20260402T094504Z/full_traces/officeqa-big-runner-02/.arena/runs/run-20260402-131206-c73878/pool-20260402T094504Z-officeqa-big-runner-02-lane1-officeqa-uid0205/officeqa-uid0205__ZMptcQE
officeqa-uid0206,UID0206,206,officeqa-big-runner-02,,passed,1.0,easy,rates_and_securities,comparison,,,16224,17,10,1663,16975,1270,0,0,0,0,0,0,0.0,,/Users/jwalinshah/projects/officeqa-arena/results/runner_pool/pool-20260402T094504Z/full_traces/officeqa-big-runner-02/.arena/runs/run-20260402-130915-e572b3/pool-20260402T094504Z-officeqa-big-runner-02-lane2-officeqa-uid0206/officeqa-uid0206__Y64XdvK
officeqa-uid0207,UID0207,207,officeqa-big-runner-02,,failed,0.0,hard,rates_and_securities,statistical,?,?,10075,12,3,1212,11026,1324,0,0,0,0,0,0,0.0,,/Users/jwalinshah/projects/officeqa-arena/results/runner_pool/pool-20260402T094504Z/full_traces/officeqa-big-runner-02/.arena/runs/run-20260402-125732-2e672f/pool-20260402T094504Z-officeqa-big-runner-02-lane3-officeqa-uid0207/officeqa-uid0207__gBmesHr
officeqa-uid0208,UID0208,208,officeqa-big-runner-02,,failed,0.0,easy,rates_and_securities,statistical,,,,54,3,5721,63883,524,0,0,0,0,0,0,,/Users/jwalinshah/projects/officeqa-arena/results/runner_pool/pool-20260402T094504Z/full_traces/officeqa-big-runner-02/.arena/runs/run-20260402-125212-6f5379/pool-20260402T094504Z-officeqa-big-runner-02-lane4-officeqa-uid0208/officeqa-uid0208__zrisghc/exception.txt,/Users/jwalinshah/projects/officeqa-arena/results/runner_pool/pool-20260402T094504Z/full_traces/officeqa-big-runner-02/.arena/runs/run-20260402-125212-6f5379/pool-20260402T094504Z-officeqa-big-runner-02-lane4-officeqa-uid0208/officeqa-uid0208__zrisghc
officeqa-uid0209,UID0209,209,officeqa-big-runner-01,,failed,0.0,easy,rates_and_securities,comparison,,,43635,40,5,5196,58291,783,0,0,0,0,0,0,0.0,,/Users/jwalinshah/projects/officeqa-arena/results/runner_pool/pool-20260402T094504Z/full_traces/officeqa-big-runner-01/.arena/runs/run-20260402-125616-18afd0/pool-20260402T094504Z-officeqa-big-runner-01-lane1-officeqa-uid0209/officeqa-uid0209__8TbBXhr
officeqa-uid0210,UID0210,210,officeqa-big-runner-01,,failed,0.0,easy,debt_and_international,statistical,,,20232,27,18,3593,31278,2566,0,0,0,0,0,0,0.0,,/Users/jwalinshah/projects/officeqa-arena/results/runner_pool/pool-20260402T094504Z/full_traces/officeqa-big-runner-01/.arena/runs/run-20260402-130854-9203ee/pool-20260402T094504Z-officeqa-big-runner-01-lane2-officeqa-uid0210/officeqa-uid0210__zsQ7h2c
officeqa-uid0211,UID0211,211,officeqa-big-runner-01,,passed,1.0,hard,other,lookup_or_aggregation,,,37022,36,3,5197,45358,2500,1,0.003188,73100,730,599,71840,8.6e-05,,/Users/jwalinshah/projects/officeqa-arena/results/runner_pool/pool-20260402T094504Z/full_traces/officeqa-big-runner-01/.arena/runs/run-20260402-122230-808d28/pool-20260402T094504Z-officeqa-big-runner-01-lane3-officeqa-uid0211/officeqa-uid0211__DKruM3e
officeqa-uid0212,UID0212,212,officeqa-big-runner-01,,passed,1.0,hard,macro_and_monetary,comparison,,,19082,24,7,3051,31779,1536,0,0,0,0,0,0,0.0,,/Users/jwalinshah/projects/officeqa-arena/results/runner_pool/pool-20260402T094504Z/full_traces/officeqa-big-runner-01/.arena/runs/run-20260402-124739-4170cc/pool-20260402T094504Z-officeqa-big-runner-01-lane4-officeqa-uid0212/officeqa-uid0212__dvJcdrZ
officeqa-uid0213,UID0213,213,officeqa-big-runner-02,,failed,0.0,hard,macro_and_monetary,comparison,,,10053,24,15,3223,37722,833,0,0,0,0,0,0,0.0,,/Users/jwalinshah/projects/officeqa-arena/results/runner_pool/pool-20260402T094504Z/full_traces/officeqa-big-runner-02/.arena/runs/run-20260402-132255-fa151d/pool-20260402T094504Z-officeqa-big-runner-02-lane1-officeqa-uid0213/officeqa-uid0213__ikMfVGT
officeqa-uid0214,UID0214,214,officeqa-big-runner-02,,passed,1.0,hard,fx,lookup_or_aggregation,,,15862,27,7,3865,46586,1244,0,0,0,0,0,0,0.0,,/Users/jwalinshah/projects/officeqa-arena/results/runner_pool/pool-20260402T094504Z/full_traces/officeqa-big-runner-02/.arena/runs/run-20260402-131257-2b84cb/pool-20260402T094504Z-officeqa-big-runner-02-lane2-officeqa-uid0214/officeqa-uid0214__NMGXm28
officeqa-uid0215,UID0215,215,officeqa-big-runner-02,,failed,0.0,hard,other,lookup_or_aggregation,,,38673,40,0,4817,49790,2225,0,0,0,0,0,0,0.0,,/Users/jwalinshah/projects/officeqa-arena/results/runner_pool/pool-20260402T094504Z/full_traces/officeqa-big-runner-02/.arena/runs/run-20260402-130130-23cdd3/pool-20260402T094504Z-officeqa-big-runner-02-lane3-officeqa-uid0215/officeqa-uid0215__bcGrosu
officeqa-uid0216,UID0216,216,officeqa-big-runner-02,,failed,0.0,hard,budget_and_receipts,lookup_or_aggregation,,,,73,9,12839,153909,388,0,0,0,0,0,0,,/Users/jwalinshah/projects/officeqa-arena/results/runner_pool/pool-20260402T094504Z/full_traces/officeqa-big-runner-02/.arena/runs/run-20260402-130842-74054c/pool-20260402T094504Z-officeqa-big-runner-02-lane4-officeqa-uid0216/officeqa-uid0216__oNpy5qx/exception.txt,/Users/jwalinshah/projects/officeqa-arena/results/runner_pool/pool-20260402T094504Z/full_traces/officeqa-big-runner-02/.arena/runs/run-20260402-130842-74054c/pool-20260402T094504Z-officeqa-big-runner-02-lane4-officeqa-uid0216/officeqa-uid0216__oNpy5qx
officeqa-uid0217,UID0217,217,officeqa-big-runner-01,,passed,1.0,easy,debt_and_international,lookup_or_aggregation,,,51639,35,4,5381,41369,995,0,0,0,0,0,0,0.0,,/Users/jwalinshah/projects/officeqa-arena/results/runner_pool/pool-20260402T094504Z/full_traces/officeqa-big-runner-01/.arena/runs/run-20260402-130510-00bfbf/pool-20260402T094504Z-officeqa-big-runner-01-lane1-officeqa-uid0217/officeqa-uid0217__Y8ywEBK
officeqa-uid0218,UID0218,218,officeqa-big-runner-01,,passed,1.0,hard,rates_and_securities,lookup_or_aggregation,,,30548,16,2,1371,16188,908,0,0,0,0,0,0,0.0,,/Users/jwalinshah/projects/officeqa-arena/results/runner_pool/pool-20260402T094504Z/full_traces/officeqa-big-runner-01/.arena/runs/run-20260402-131408-899dc6/pool-20260402T094504Z-officeqa-big-runner-01-lane2-officeqa-uid0218/officeqa-uid0218__f6VZUgD
officeqa-uid0219,UID0219,219,officeqa-big-runner-01,,failed,0.0,hard,rates_and_securities,lookup_or_aggregation,,,51309,55,17,10222,123758,2724,0,0,0,0,0,0,0.0,,/Users/jwalinshah/projects/officeqa-arena/results/runner_pool/pool-20260402T094504Z/full_traces/officeqa-big-runner-01/.arena/runs/run-20260402-122934-ba20d8/pool-20260402T094504Z-officeqa-big-runner-01-lane3-officeqa-uid0219/officeqa-uid0219__Hmzew3o
officeqa-uid0220,UID0220,220,officeqa-big-runner-01,,passed,1.0,hard,budget_and_receipts,comparison,,,36285,45,8,10693,111270,944,0,0,0,0,0,0,0.0,,/Users/jwalinshah/projects/officeqa-arena/results/runner_pool/pool-20260402T094504Z/full_traces/officeqa-big-runner-01/.arena/runs/run-20260402-125248-ddebc1/pool-20260402T094504Z-officeqa-big-runner-01-lane4-officeqa-uid0220/officeqa-uid0220__h9EZa6U
officeqa-uid0221,UID0221,221,officeqa-big-runner-02,,passed,1.0,hard,rates_and_securities,comparison,,,13855,36,16,3639,44339,1104,0,0,0,0,0,0,0.0,,/Users/jwalinshah/projects/officeqa-arena/results/runner_pool/pool-20260402T094504Z/full_traces/officeqa-big-runner-02/.arena/runs/run-20260402-132733-9067a0/pool-20260402T094504Z-officeqa-big-runner-02-lane1-officeqa-uid0221/officeqa-uid0221__yPw9JkX
officeqa-uid0222,UID0222,222,officeqa-big-runner-02,,failed,0.0,hard,rates_and_securities,lookup_or_aggregation,,,28767,37,10,3596,39635,1022,0,0,0,0,0,0,0.0,,/Users/jwalinshah/projects/officeqa-arena/results/runner_pool/pool-20260402T094504Z/full_traces/officeqa-big-runner-02/.arena/runs/run-20260402-132003-034c07/pool-20260402T094504Z-officeqa-big-runner-02-lane2-officeqa-uid0222/officeqa-uid0222__rz4amZZ
officeqa-uid0223,UID0223,223,officeqa-big-runner-02,,failed,0.0,hard,fx,statistical,,,51817,62,21,12049,121761,3251,0,0,0,0,0,0,0.0,,/Users/jwalinshah/projects/officeqa-arena/results/runner_pool/pool-20260402T094504Z/full_traces/officeqa-big-runner-02/.arena/runs/run-20260402-131109-983f2d/pool-20260402T094504Z-officeqa-big-runner-02-lane3-officeqa-uid0223/officeqa-uid0223__ndXNXBR
officeqa-uid0224,UID0224,224,officeqa-big-runner-02,,passed,1.0,hard,rates_and_securities,lookup_or_aggregation,,,31154,26,5,3920,44668,622,0,0,0,0,0,0,0.0,,/Users/jwalinshah/projects/officeqa-arena/results/runner_pool/pool-20260402T094504Z/full_traces/officeqa-big-runner-02/.arena/runs/run-20260402-132516-e9356a/pool-20260402T094504Z-officeqa-big-runner-02-lane4-officeqa-uid0224/officeqa-uid0224__hL5qCk8
officeqa-uid0225,UID0225,225,officeqa-big-runner-01,,passed,1.0,hard,rates_and_securities,lookup_or_aggregation,,,36162,17,3,4692,47135,3526,0,0,0,0,0,0,0.0,,/Users/jwalinshah/projects/officeqa-arena/results/runner_pool/pool-20260402T094504Z/full_traces/officeqa-big-runner-01/.arena/runs/run-20260402-130846-518073/pool-20260402T094504Z-officeqa-big-runner-01-lane1-officeqa-uid0225/officeqa-uid0225__9wRxkGp
officeqa-uid0226,UID0226,226,officeqa-big-runner-01,,failed,0.0,hard,debt_and_international,statistical,,,15846,21,9,1288,13370,1288,0,0,0,0,0,0,0.0,,/Users/jwalinshah/projects/officeqa-arena/results/runner_pool/pool-20260402T094504Z/full_traces/officeqa-big-runner-01/.arena/runs/run-20260402-131809-2017d6/pool-20260402T094504Z-officeqa-big-runner-01-lane2-officeqa-uid0226/officeqa-uid0226__ZK3aoJF
officeqa-uid0227,UID0227,227,officeqa-big-runner-01,,failed,0.0,hard,other,lookup_or_aggregation,?,?,31794,26,6,3555,43552,1597,0,0,0,0,0,0,0.0,,/Users/jwalinshah/projects/officeqa-arena/results/runner_pool/pool-20260402T094504Z/full_traces/officeqa-big-runner-01/.arena/runs/run-20260402-124341-7b1a56/pool-20260402T094504Z-officeqa-big-runner-01-lane3-officeqa-uid0227/officeqa-uid0227__mRUUcjD
officeqa-uid0228,UID0228,228,officeqa-big-runner-01,,passed,1.0,hard,fx,comparison,,,38288,49,14,7533,57862,2385,0,0,0,0,0,0,0.0,,/Users/jwalinshah/projects/officeqa-arena/results/runner_pool/pool-20260402T094504Z/full_traces/officeqa-big-runner-01/.arena/runs/run-20260402-130120-c32e87/pool-20260402T094504Z-officeqa-big-runner-01-lane4-officeqa-uid0228/officeqa-uid0228__fLQQYNZ
officeqa-uid0229,UID0229,229,officeqa-big-runner-02,,passed,1.0,easy,other,statistical,,,28844,45,13,6816,73561,1224,8,0.003161,13244,1015,897,7984,0.00011,,/Users/jwalinshah/projects/officeqa-arena/results/runner_pool/pool-20260402T094504Z/full_traces/officeqa-big-runner-02/.arena/runs/run-20260402-133506-b7d073/pool-20260402T094504Z-officeqa-big-runner-02-lane1-officeqa-uid0229/officeqa-uid0229__SYcejas
officeqa-uid0230,UID0230,230,officeqa-big-runner-02,,passed,1.0,hard,rates_and_securities,statistical,,,33993,27,8,5144,54307,1890,0,0,0,0,0,0,0.0,,/Users/jwalinshah/projects/officeqa-arena/results/runner_pool/pool-20260402T094504Z/full_traces/officeqa-big-runner-02/.arena/runs/run-20260402-132619-5b6f8b/pool-20260402T094504Z-officeqa-big-runner-02-lane2-officeqa-uid0230/officeqa-uid0230__snuboKX
officeqa-uid0231,UID0231,231,officeqa-big-runner-02,,passed,1.0,easy,other,lookup_or_aggregation,,,50329,46,9,6234,67896,2371,0,0,0,0,0,0,0.0,,/Users/jwalinshah/projects/officeqa-arena/results/runner_pool/pool-20260402T094504Z/full_traces/officeqa-big-runner-02/.arena/runs/run-20260402-132559-982e74/pool-20260402T094504Z-officeqa-big-runner-02-lane3-officeqa-uid0231/officeqa-uid0231__m2qjMzg
officeqa-uid0232,UID0232,232,officeqa-big-runner-02,,passed,1.0,easy,budget_and_receipts,lookup_or_aggregation,,,31731,25,8,2562,29195,1528,0,0,0,0,0,0,0.0,,/Users/jwalinshah/projects/officeqa-arena/results/runner_pool/pool-20260402T094504Z/full_traces/officeqa-big-runner-02/.arena/runs/run-20260402-133210-c07508/pool-20260402T094504Z-officeqa-big-runner-02-lane4-officeqa-uid0232/officeqa-uid0232__7mUnhXW
officeqa-uid0233,UID0233,233,officeqa-big-runner-01,,failed,0.0,hard,rates_and_securities,lookup_or_aggregation,,,81516,74,7,12900,160935,2357,0,0,0,0,0,0,0.0,,/Users/jwalinshah/projects/officeqa-arena/results/runner_pool/pool-20260402T094504Z/full_traces/officeqa-big-runner-01/.arena/runs/run-20260402-131354-6ad7ac/pool-20260402T094504Z-officeqa-big-runner-01-lane1-officeqa-uid0233/officeqa-uid0233__UWydE8i
officeqa-uid0234,UID0234,234,officeqa-big-runner-01,,passed,1.0,easy,other,lookup_or_aggregation,,,38404,28,2,2808,28421,1537,0,0,0,0,0,0,0.0,,/Users/jwalinshah/projects/officeqa-arena/results/runner_pool/pool-20260402T094504Z/full_traces/officeqa-big-runner-01/.arena/runs/run-20260402-132339-bb646e/pool-20260402T094504Z-officeqa-big-runner-01-lane2-officeqa-uid0234/officeqa-uid0234__gfRfFMD
officeqa-uid0235,UID0235,235,officeqa-big-runner-01,,passed,1.0,easy,rates_and_securities,comparison,,,14184,28,5,2870,32271,1281,0,0,0,0,0,0,0.0,,/Users/jwalinshah/projects/officeqa-arena/results/runner_pool/pool-20260402T094504Z/full_traces/officeqa-big-runner-01/.arena/runs/run-20260402-124918-5c11f1/pool-20260402T094504Z-officeqa-big-runner-01-lane3-officeqa-uid0235/officeqa-uid0235__StK2TR6
officeqa-uid0236,UID0236,236,officeqa-big-runner-01,,passed,1.0,easy,rates_and_securities,lookup_or_aggregation,,,35659,22,3,1499,15920,1189,0,0,0,0,0,0,0.0,,/Users/jwalinshah/projects/officeqa-arena/results/runner_pool/pool-20260402T094504Z/full_traces/officeqa-big-runner-01/.arena/runs/run-20260402-130854-57928a/pool-20260402T094504Z-officeqa-big-runner-01-lane4-officeqa-uid0236/officeqa-uid0236__KDTJ8qE
officeqa-uid0237,UID0237,237,officeqa-big-runner-02,,failed,0.0,hard,rates_and_securities,comparison,,,35697,40,10,5461,70036,1330,88,0.373364,3840260,38090,25695,3661957,0.010459,,/Users/jwalinshah/projects/officeqa-arena/results/runner_pool/pool-20260402T094504Z/full_traces/officeqa-big-runner-02/.arena/runs/run-20260402-134501-3aa88f/pool-20260402T094504Z-officeqa-big-runner-02-lane1-officeqa-uid0237/officeqa-uid0237__8SvB4CF
officeqa-uid0238,UID0238,238,officeqa-big-runner-02,,failed,0.0,hard,rates_and_securities,lookup_or_aggregation,,,31125,18,4,2771,30813,1897,0,0,0,0,0,0,0.0,,/Users/jwalinshah/projects/officeqa-arena/results/runner_pool/pool-20260402T094504Z/full_traces/officeqa-big-runner-02/.arena/runs/run-20260402-133444-78d2c8/pool-20260402T094504Z-officeqa-big-runner-02-lane2-officeqa-uid0238/officeqa-uid0238__kw2UbM5
officeqa-uid0239,UID0239,239,officeqa-big-runner-02,,failed,0.0,easy,macro_and_monetary,comparison,,,16754,18,5,1909,23232,808,0,0,0,0,0,0,0.0,,/Users/jwalinshah/projects/officeqa-arena/results/runner_pool/pool-20260402T094504Z/full_traces/officeqa-big-runner-02/.arena/runs/run-20260402-133627-495305/pool-20260402T094504Z-officeqa-big-runner-02-lane3-officeqa-uid0239/officeqa-uid0239__qFkCPXW
officeqa-uid0240,UID0240,240,officeqa-big-runner-02,,failed,0.0,hard,rates_and_securities,lookup_or_aggregation,,,13978,26,11,7830,94855,2256,268,0.530627,4719219,74710,57650,4353784,0.037962,,/Users/jwalinshah/projects/officeqa-arena/results/runner_pool/pool-20260402T094504Z/full_traces/officeqa-big-runner-02/.arena/runs/run-20260402-133625-fd568b/pool-20260402T094504Z-officeqa-big-runner-02-lane4-officeqa-uid0240/officeqa-uid0240__T3iFMXY
officeqa-uid0241,UID0241,241,officeqa-big-runner-01,,passed,1.0,easy,other,lookup_or_aggregation,,,11727,12,1,1102,10083,1810,0,0,0,0,0,0,0.0,,/Users/jwalinshah/projects/officeqa-arena/results/runner_pool/pool-20260402T094504Z/full_traces/officeqa-big-runner-01/.arena/runs/run-20260402-132938-a937a9/pool-20260402T094504Z-officeqa-big-runner-01-lane1-officeqa-uid0241/officeqa-uid0241__4r4LkCf
officeqa-uid0242,UID0242,242,officeqa-big-runner-01,,passed,1.0,easy,debt_and_international,statistical,medium,correlation_adjusted_portfolio_var,26584,28,9,5467,63877,1724,0,0,0,0,0,0,0.0,,/Users/jwalinshah/projects/officeqa-arena/results/runner_pool/pool-20260402T094504Z/full_traces/officeqa-big-runner-01/.arena/runs/run-20260402-132758-adc453/pool-20260402T094504Z-officeqa-big-runner-01-lane2-officeqa-uid0242/officeqa-uid0242__y6FuY37
officeqa-uid0243,UID0243,243,officeqa-big-runner-01,,failed,0.0,hard,debt_and_international,comparison,,,22083,25,13,2924,31280,1121,0,0,0,0,0,0,0.0,,/Users/jwalinshah/projects/officeqa-arena/results/runner_pool/pool-20260402T094504Z/full_traces/officeqa-big-runner-01/.arena/runs/run-20260402-125332-4789d9/pool-20260402T094504Z-officeqa-big-runner-01-lane3-officeqa-uid0243/officeqa-uid0243__nUFj9aV
officeqa-uid0244,UID0244,244,officeqa-big-runner-01,,failed,0.0,hard,fx,comparison,,,52271,40,17,3205,38085,1836,0,0,0,0,0,0,0.0,,/Users/jwalinshah/projects/officeqa-arena/results/runner_pool/pool-20260402T094504Z/full_traces/officeqa-big-runner-01/.arena/runs/run-20260402-131225-354289/pool-20260402T094504Z-officeqa-big-runner-01-lane4-officeqa-uid0244/officeqa-uid0244__Wkw8rBS
officeqa-uid0245,UID0245,245,officeqa-big-runner-02,,failed,0.0,hard,rates_and_securities,comparison,medium,fisher_ideal_symmetric_growth_rate,14856,20,6,4804,54135,1728,61,0.161517,1380220,21842,17204,1314048,0.010872,,/Users/jwalinshah/projects/officeqa-arena/results/runner_pool/pool-20260402T094504Z/full_traces/officeqa-big-runner-02/.arena/runs/run-20260402-135701-b80960/pool-20260402T094504Z-officeqa-big-runner-02-lane1-officeqa-uid0245/officeqa-uid0245__GY36Ljv
officeqa-uid0246,UID0246,246,officeqa-big-runner-02,,failed,0.0,hard,rates_and_securities,comparison,,,66769,44,7,13765,177930,1284,263,0.710359,6604934,82621,65549,6036715,0.010639,,/Users/jwalinshah/projects/officeqa-arena/results/runner_pool/pool-20260402T094504Z/full_traces/officeqa-big-runner-02/.arena/runs/run-20260402-134148-f7dc3a/pool-20260402T094504Z-officeqa-big-runner-02-lane2-officeqa-uid0246/officeqa-uid0246__oCVfTQr
