task_id,uid,status,runner,lane,elapsed_s,goose_total_tokens,shell_command_count,submit_answer_count,answer_write_count,has_exception,report_json,report_md,events_jsonl
officeqa-uid0001,UID0001,failed,officeqa-big-runner-01,,137.548,,0,0,0,True,/Users/jwalinshah/projects/officeqa-arena/results/runner_pool/pool-20260402T094504Z/deep_trials/reports/UID0001.json,/Users/jwalinshah/projects/officeqa-arena/results/runner_pool/pool-20260402T094504Z/deep_trials/reports/UID0001.md,/Users/jwalinshah/projects/officeqa-arena/results/runner_pool/pool-20260402T094504Z/deep_trials/events/UID0001.jsonl
officeqa-uid0002,UID0002,passed,officeqa-big-runner-01,,326.541,27278,16,1,0,False,/Users/jwalinshah/projects/officeqa-arena/results/runner_pool/pool-20260402T094504Z/deep_trials/reports/UID0002.json,/Users/jwalinshah/projects/officeqa-arena/results/runner_pool/pool-20260402T094504Z/deep_trials/reports/UID0002.md,/Users/jwalinshah/projects/officeqa-arena/results/runner_pool/pool-20260402T094504Z/deep_trials/events/UID0002.jsonl
officeqa-uid0003,UID0003,passed,officeqa-big-runner-01,,516.469,33659,29,1,0,False,/Users/jwalinshah/projects/officeqa-arena/results/runner_pool/pool-20260402T094504Z/deep_trials/reports/UID0003.json,/Users/jwalinshah/projects/officeqa-arena/results/runner_pool/pool-20260402T094504Z/deep_trials/reports/UID0003.md,/Users/jwalinshah/projects/officeqa-arena/results/runner_pool/pool-20260402T094504Z/deep_trials/events/UID0003.jsonl
officeqa-uid0004,UID0004,passed,officeqa-big-runner-01,,440.97,21286,14,1,0,False,/Users/jwalinshah/projects/officeqa-arena/results/runner_pool/pool-20260402T094504Z/deep_trials/reports/UID0004.json,/Users/jwalinshah/projects/officeqa-arena/results/runner_pool/pool-20260402T094504Z/deep_trials/reports/UID0004.md,/Users/jwalinshah/projects/officeqa-arena/results/runner_pool/pool-20260402T094504Z/deep_trials/events/UID0004.jsonl
officeqa-uid0005,UID0005,passed,officeqa-big-runner-02,,660.606,51145,33,1,0,False,/Users/jwalinshah/projects/officeqa-arena/results/runner_pool/pool-20260402T094504Z/deep_trials/reports/UID0005.json,/Users/jwalinshah/projects/officeqa-arena/results/runner_pool/pool-20260402T094504Z/deep_trials/reports/UID0005.md,/Users/jwalinshah/projects/officeqa-arena/results/runner_pool/pool-20260402T094504Z/deep_trials/events/UID0005.jsonl
officeqa-uid0006,UID0006,passed,officeqa-big-runner-02,,400.191,31342,25,1,0,False,/Users/jwalinshah/projects/officeqa-arena/results/runner_pool/pool-20260402T094504Z/deep_trials/reports/UID0006.json,/Users/jwalinshah/projects/officeqa-arena/results/runner_pool/pool-20260402T094504Z/deep_trials/reports/UID0006.md,/Users/jwalinshah/projects/officeqa-arena/results/runner_pool/pool-20260402T094504Z/deep_trials/events/UID0006.jsonl
officeqa-uid0007,UID0007,failed,officeqa-big-runner-02,,900.159,,74,0,0,True,/Users/jwalinshah/projects/officeqa-arena/results/runner_pool/pool-20260402T094504Z/deep_trials/reports/UID0007.json,/Users/jwalinshah/projects/officeqa-arena/results/runner_pool/pool-20260402T094504Z/deep_trials/reports/UID0007.md,/Users/jwalinshah/projects/officeqa-arena/results/runner_pool/pool-20260402T094504Z/deep_trials/events/UID0007.jsonl
officeqa-uid0008,UID0008,failed,officeqa-big-runner-02,,482.058,29642,30,1,1,False,/Users/jwalinshah/projects/officeqa-arena/results/runner_pool/pool-20260402T094504Z/deep_trials/reports/UID0008.json,/Users/jwalinshah/projects/officeqa-arena/results/runner_pool/pool-20260402T094504Z/deep_trials/reports/UID0008.md,/Users/jwalinshah/projects/officeqa-arena/results/runner_pool/pool-20260402T094504Z/deep_trials/events/UID0008.jsonl
officeqa-uid0009,UID0009,passed,officeqa-big-runner-01,,292.142,15921,11,1,0,False,/Users/jwalinshah/projects/officeqa-arena/results/runner_pool/pool-20260402T094504Z/deep_trials/reports/UID0009.json,/Users/jwalinshah/projects/officeqa-arena/results/runner_pool/pool-20260402T094504Z/deep_trials/reports/UID0009.md,/Users/jwalinshah/projects/officeqa-arena/results/runner_pool/pool-20260402T094504Z/deep_trials/events/UID0009.jsonl
officeqa-uid0010,UID0010,passed,officeqa-big-runner-01,,319.799,32669,28,1,0,False,/Users/jwalinshah/projects/officeqa-arena/results/runner_pool/pool-20260402T094504Z/deep_trials/reports/UID0010.json,/Users/jwalinshah/projects/officeqa-arena/results/runner_pool/pool-20260402T094504Z/deep_trials/reports/UID0010.md,/Users/jwalinshah/projects/officeqa-arena/results/runner_pool/pool-20260402T094504Z/deep_trials/events/UID0010.jsonl
officeqa-uid0011,UID0011,failed,officeqa-big-runner-01,,64.909,,0,0,0,True,/Users/jwalinshah/projects/officeqa-arena/results/runner_pool/pool-20260402T094504Z/deep_trials/reports/UID0011.json,/Users/jwalinshah/projects/officeqa-arena/results/runner_pool/pool-20260402T094504Z/deep_trials/reports/UID0011.md,/Users/jwalinshah/projects/officeqa-arena/results/runner_pool/pool-20260402T094504Z/deep_trials/events/UID0011.jsonl
officeqa-uid0012,UID0012,failed,officeqa-big-runner-01,,205.668,41585,28,1,0,False,/Users/jwalinshah/projects/officeqa-arena/results/runner_pool/pool-20260402T094504Z/deep_trials/reports/UID0012.json,/Users/jwalinshah/projects/officeqa-arena/results/runner_pool/pool-20260402T094504Z/deep_trials/reports/UID0012.md,/Users/jwalinshah/projects/officeqa-arena/results/runner_pool/pool-20260402T094504Z/deep_trials/events/UID0012.jsonl
officeqa-uid0013,UID0013,failed,officeqa-big-runner-02,,670.415,56308,67,0,0,False,/Users/jwalinshah/projects/officeqa-arena/results/runner_pool/pool-20260402T094504Z/deep_trials/reports/UID0013.json,/Users/jwalinshah/projects/officeqa-arena/results/runner_pool/pool-20260402T094504Z/deep_trials/reports/UID0013.md,/Users/jwalinshah/projects/officeqa-arena/results/runner_pool/pool-20260402T094504Z/deep_trials/events/UID0013.jsonl
officeqa-uid0014,UID0014,failed,officeqa-big-runner-02,,900.567,,93,0,0,True,/Users/jwalinshah/projects/officeqa-arena/results/runner_pool/pool-20260402T094504Z/deep_trials/reports/UID0014.json,/Users/jwalinshah/projects/officeqa-arena/results/runner_pool/pool-20260402T094504Z/deep_trials/reports/UID0014.md,/Users/jwalinshah/projects/officeqa-arena/results/runner_pool/pool-20260402T094504Z/deep_trials/events/UID0014.jsonl
officeqa-uid0015,UID0015,failed,officeqa-big-runner-02,,327.311,25141,13,0,0,False,/Users/jwalinshah/projects/officeqa-arena/results/runner_pool/pool-20260402T094504Z/deep_trials/reports/UID0015.json,/Users/jwalinshah/projects/officeqa-arena/results/runner_pool/pool-20260402T094504Z/deep_trials/reports/UID0015.md,/Users/jwalinshah/projects/officeqa-arena/results/runner_pool/pool-20260402T094504Z/deep_trials/events/UID0015.jsonl
officeqa-uid0016,UID0016,failed,officeqa-big-runner-02,,576.544,32627,34,1,0,False,/Users/jwalinshah/projects/officeqa-arena/results/runner_pool/pool-20260402T094504Z/deep_trials/reports/UID0016.json,/Users/jwalinshah/projects/officeqa-arena/results/runner_pool/pool-20260402T094504Z/deep_trials/reports/UID0016.md,/Users/jwalinshah/projects/officeqa-arena/results/runner_pool/pool-20260402T094504Z/deep_trials/events/UID0016.jsonl
officeqa-uid0017,UID0017,passed,officeqa-big-runner-01,,150.386,12787,14,1,0,False,/Users/jwalinshah/projects/officeqa-arena/results/runner_pool/pool-20260402T094504Z/deep_trials/reports/UID0017.json,/Users/jwalinshah/projects/officeqa-arena/results/runner_pool/pool-20260402T094504Z/deep_trials/reports/UID0017.md,/Users/jwalinshah/projects/officeqa-arena/results/runner_pool/pool-20260402T094504Z/deep_trials/events/UID0017.jsonl
officeqa-uid0018,UID0018,failed,officeqa-big-runner-01,,707.691,55021,78,1,0,False,/Users/jwalinshah/projects/officeqa-arena/results/runner_pool/pool-20260402T094504Z/deep_trials/reports/UID0018.json,/Users/jwalinshah/projects/officeqa-arena/results/runner_pool/pool-20260402T094504Z/deep_trials/reports/UID0018.md,/Users/jwalinshah/projects/officeqa-arena/results/runner_pool/pool-20260402T094504Z/deep_trials/events/UID0018.jsonl
officeqa-uid0019,UID0019,failed,officeqa-big-runner-01,,180.782,16826,14,1,0,False,/Users/jwalinshah/projects/officeqa-arena/results/runner_pool/pool-20260402T094504Z/deep_trials/reports/UID0019.json,/Users/jwalinshah/projects/officeqa-arena/results/runner_pool/pool-20260402T094504Z/deep_trials/reports/UID0019.md,/Users/jwalinshah/projects/officeqa-arena/results/runner_pool/pool-20260402T094504Z/deep_trials/events/UID0019.jsonl
officeqa-uid0020,UID0020,failed,officeqa-big-runner-01,,242.493,14927,9,0,0,False,/Users/jwalinshah/projects/officeqa-arena/results/runner_pool/pool-20260402T094504Z/deep_trials/reports/UID0020.json,/Users/jwalinshah/projects/officeqa-arena/results/runner_pool/pool-20260402T094504Z/deep_trials/reports/UID0020.md,/Users/jwalinshah/projects/officeqa-arena/results/runner_pool/pool-20260402T094504Z/deep_trials/events/UID0020.jsonl
officeqa-uid0021,UID0021,failed,officeqa-big-runner-02,,900.698,,55,0,0,True,/Users/jwalinshah/projects/officeqa-arena/results/runner_pool/pool-20260402T094504Z/deep_trials/reports/UID0021.json,/Users/jwalinshah/projects/officeqa-arena/results/runner_pool/pool-20260402T094504Z/deep_trials/reports/UID0021.md,/Users/jwalinshah/projects/officeqa-arena/results/runner_pool/pool-20260402T094504Z/deep_trials/events/UID0021.jsonl
officeqa-uid0022,UID0022,failed,officeqa-big-runner-02,,900.083,,21,0,0,True,/Users/jwalinshah/projects/officeqa-arena/results/runner_pool/pool-20260402T094504Z/deep_trials/reports/UID0022.json,/Users/jwalinshah/projects/officeqa-arena/results/runner_pool/pool-20260402T094504Z/deep_trials/reports/UID0022.md,/Users/jwalinshah/projects/officeqa-arena/results/runner_pool/pool-20260402T094504Z/deep_trials/events/UID0022.jsonl
officeqa-uid0023,UID0023,passed,officeqa-big-runner-02,,485.439,25856,22,1,0,False,/Users/jwalinshah/projects/officeqa-arena/results/runner_pool/pool-20260402T094504Z/deep_trials/reports/UID0023.json,/Users/jwalinshah/projects/officeqa-arena/results/runner_pool/pool-20260402T094504Z/deep_trials/reports/UID0023.md,/Users/jwalinshah/projects/officeqa-arena/results/runner_pool/pool-20260402T094504Z/deep_trials/events/UID0023.jsonl
officeqa-uid0024,UID0024,passed,officeqa-big-runner-02,,342.501,13199,7,1,0,False,/Users/jwalinshah/projects/officeqa-arena/results/runner_pool/pool-20260402T094504Z/deep_trials/reports/UID0024.json,/Users/jwalinshah/projects/officeqa-arena/results/runner_pool/pool-20260402T094504Z/deep_trials/reports/UID0024.md,/Users/jwalinshah/projects/officeqa-arena/results/runner_pool/pool-20260402T094504Z/deep_trials/events/UID0024.jsonl
officeqa-uid0025,UID0025,failed,officeqa-big-runner-01,,284.115,17480,12,1,0,False,/Users/jwalinshah/projects/officeqa-arena/results/runner_pool/pool-20260402T094504Z/deep_trials/reports/UID0025.json,/Users/jwalinshah/projects/officeqa-arena/results/runner_pool/pool-20260402T094504Z/deep_trials/reports/UID0025.md,/Users/jwalinshah/projects/officeqa-arena/results/runner_pool/pool-20260402T094504Z/deep_trials/events/UID0025.jsonl
officeqa-uid0026,UID0026,failed,officeqa-big-runner-01,,687.811,68187,58,1,0,False,/Users/jwalinshah/projects/officeqa-arena/results/runner_pool/pool-20260402T094504Z/deep_trials/reports/UID0026.json,/Users/jwalinshah/projects/officeqa-arena/results/runner_pool/pool-20260402T094504Z/deep_trials/reports/UID0026.md,/Users/jwalinshah/projects/officeqa-arena/results/runner_pool/pool-20260402T094504Z/deep_trials/events/UID0026.jsonl
officeqa-uid0027,UID0027,failed,officeqa-big-runner-01,,900.211,,36,0,0,True,/Users/jwalinshah/projects/officeqa-arena/results/runner_pool/pool-20260402T094504Z/deep_trials/reports/UID0027.json,/Users/jwalinshah/projects/officeqa-arena/results/runner_pool/pool-20260402T094504Z/deep_trials/reports/UID0027.md,/Users/jwalinshah/projects/officeqa-arena/results/runner_pool/pool-20260402T094504Z/deep_trials/events/UID0027.jsonl
officeqa-uid0028,UID0028,failed,officeqa-big-runner-01,,900.163,,16,0,0,True,/Users/jwalinshah/projects/officeqa-arena/results/runner_pool/pool-20260402T094504Z/deep_trials/reports/UID0028.json,/Users/jwalinshah/projects/officeqa-arena/results/runner_pool/pool-20260402T094504Z/deep_trials/reports/UID0028.md,/Users/jwalinshah/projects/officeqa-arena/results/runner_pool/pool-20260402T094504Z/deep_trials/events/UID0028.jsonl
officeqa-uid0029,UID0029,failed,officeqa-big-runner-02,,682.763,62930,43,1,0,False,/Users/jwalinshah/projects/officeqa-arena/results/runner_pool/pool-20260402T094504Z/deep_trials/reports/UID0029.json,/Users/jwalinshah/projects/officeqa-arena/results/runner_pool/pool-20260402T094504Z/deep_trials/reports/UID0029.md,/Users/jwalinshah/projects/officeqa-arena/results/runner_pool/pool-20260402T094504Z/deep_trials/events/UID0029.jsonl
officeqa-uid0030,UID0030,failed,officeqa-big-runner-02,,166.036,16993,16,1,0,False,/Users/jwalinshah/projects/officeqa-arena/results/runner_pool/pool-20260402T094504Z/deep_trials/reports/UID0030.json,/Users/jwalinshah/projects/officeqa-arena/results/runner_pool/pool-20260402T094504Z/deep_trials/reports/UID0030.md,/Users/jwalinshah/projects/officeqa-arena/results/runner_pool/pool-20260402T094504Z/deep_trials/events/UID0030.jsonl
officeqa-uid0031,UID0031,passed,officeqa-big-runner-02,,370.946,42854,46,0,0,False,/Users/jwalinshah/projects/officeqa-arena/results/runner_pool/pool-20260402T094504Z/deep_trials/reports/UID0031.json,/Users/jwalinshah/projects/officeqa-arena/results/runner_pool/pool-20260402T094504Z/deep_trials/reports/UID0031.md,/Users/jwalinshah/projects/officeqa-arena/results/runner_pool/pool-20260402T094504Z/deep_trials/events/UID0031.jsonl
officeqa-uid0032,UID0032,passed,officeqa-big-runner-02,,397.027,21258,12,1,0,False,/Users/jwalinshah/projects/officeqa-arena/results/runner_pool/pool-20260402T094504Z/deep_trials/reports/UID0032.json,/Users/jwalinshah/projects/officeqa-arena/results/runner_pool/pool-20260402T094504Z/deep_trials/reports/UID0032.md,/Users/jwalinshah/projects/officeqa-arena/results/runner_pool/pool-20260402T094504Z/deep_trials/events/UID0032.jsonl
officeqa-uid0033,UID0033,passed,officeqa-big-runner-01,,171.089,17428,8,1,0,False,/Users/jwalinshah/projects/officeqa-arena/results/runner_pool/pool-20260402T094504Z/deep_trials/reports/UID0033.json,/Users/jwalinshah/projects/officeqa-arena/results/runner_pool/pool-20260402T094504Z/deep_trials/reports/UID0033.md,/Users/jwalinshah/projects/officeqa-arena/results/runner_pool/pool-20260402T094504Z/deep_trials/events/UID0033.jsonl
officeqa-uid0034,UID0034,failed,officeqa-big-runner-01,,900.658,,85,0,0,True,/Users/jwalinshah/projects/officeqa-arena/results/runner_pool/pool-20260402T094504Z/deep_trials/reports/UID0034.json,/Users/jwalinshah/projects/officeqa-arena/results/runner_pool/pool-20260402T094504Z/deep_trials/reports/UID0034.md,/Users/jwalinshah/projects/officeqa-arena/results/runner_pool/pool-20260402T094504Z/deep_trials/events/UID0034.jsonl
officeqa-uid0035,UID0035,failed,officeqa-big-runner-01,,401.738,40242,38,1,0,False,/Users/jwalinshah/projects/officeqa-arena/results/runner_pool/pool-20260402T094504Z/deep_trials/reports/UID0035.json,/Users/jwalinshah/projects/officeqa-arena/results/runner_pool/pool-20260402T094504Z/deep_trials/reports/UID0035.md,/Users/jwalinshah/projects/officeqa-arena/results/runner_pool/pool-20260402T094504Z/deep_trials/events/UID0035.jsonl
officeqa-uid0036,UID0036,failed,officeqa-big-runner-01,,261.046,28573,32,1,0,False,/Users/jwalinshah/projects/officeqa-arena/results/runner_pool/pool-20260402T094504Z/deep_trials/reports/UID0036.json,/Users/jwalinshah/projects/officeqa-arena/results/runner_pool/pool-20260402T094504Z/deep_trials/reports/UID0036.md,/Users/jwalinshah/projects/officeqa-arena/results/runner_pool/pool-20260402T094504Z/deep_trials/events/UID0036.jsonl
officeqa-uid0037,UID0037,failed,officeqa-big-runner-02,,820.48,87545,106,2,0,False,/Users/jwalinshah/projects/officeqa-arena/results/runner_pool/pool-20260402T094504Z/deep_trials/reports/UID0037.json,/Users/jwalinshah/projects/officeqa-arena/results/runner_pool/pool-20260402T094504Z/deep_trials/reports/UID0037.md,/Users/jwalinshah/projects/officeqa-arena/results/runner_pool/pool-20260402T094504Z/deep_trials/events/UID0037.jsonl
officeqa-uid0038,UID0038,failed,officeqa-big-runner-02,,402.966,53928,76,1,1,False,/Users/jwalinshah/projects/officeqa-arena/results/runner_pool/pool-20260402T094504Z/deep_trials/reports/UID0038.json,/Users/jwalinshah/projects/officeqa-arena/results/runner_pool/pool-20260402T094504Z/deep_trials/reports/UID0038.md,/Users/jwalinshah/projects/officeqa-arena/results/runner_pool/pool-20260402T094504Z/deep_trials/events/UID0038.jsonl
officeqa-uid0039,UID0039,passed,officeqa-big-runner-02,,183.378,14977,15,1,1,False,/Users/jwalinshah/projects/officeqa-arena/results/runner_pool/pool-20260402T094504Z/deep_trials/reports/UID0039.json,/Users/jwalinshah/projects/officeqa-arena/results/runner_pool/pool-20260402T094504Z/deep_trials/reports/UID0039.md,/Users/jwalinshah/projects/officeqa-arena/results/runner_pool/pool-20260402T094504Z/deep_trials/events/UID0039.jsonl
officeqa-uid0040,UID0040,passed,officeqa-big-runner-02,,294.965,62743,59,1,0,False,/Users/jwalinshah/projects/officeqa-arena/results/runner_pool/pool-20260402T094504Z/deep_trials/reports/UID0040.json,/Users/jwalinshah/projects/officeqa-arena/results/runner_pool/pool-20260402T094504Z/deep_trials/reports/UID0040.md,/Users/jwalinshah/projects/officeqa-arena/results/runner_pool/pool-20260402T094504Z/deep_trials/events/UID0040.jsonl
officeqa-uid0041,UID0041,passed,officeqa-big-runner-01,,632.719,24941,15,0,0,False,/Users/jwalinshah/projects/officeqa-arena/results/runner_pool/pool-20260402T094504Z/deep_trials/reports/UID0041.json,/Users/jwalinshah/projects/officeqa-arena/results/runner_pool/pool-20260402T094504Z/deep_trials/reports/UID0041.md,/Users/jwalinshah/projects/officeqa-arena/results/runner_pool/pool-20260402T094504Z/deep_trials/events/UID0041.jsonl
officeqa-uid0042,UID0042,passed,officeqa-big-runner-01,,258.393,18877,23,1,0,False,/Users/jwalinshah/projects/officeqa-arena/results/runner_pool/pool-20260402T094504Z/deep_trials/reports/UID0042.json,/Users/jwalinshah/projects/officeqa-arena/results/runner_pool/pool-20260402T094504Z/deep_trials/reports/UID0042.md,/Users/jwalinshah/projects/officeqa-arena/results/runner_pool/pool-20260402T094504Z/deep_trials/events/UID0042.jsonl
officeqa-uid0043,UID0043,passed,officeqa-big-runner-01,,149.626,11969,6,1,0,False,/Users/jwalinshah/projects/officeqa-arena/results/runner_pool/pool-20260402T094504Z/deep_trials/reports/UID0043.json,/Users/jwalinshah/projects/officeqa-arena/results/runner_pool/pool-20260402T094504Z/deep_trials/reports/UID0043.md,/Users/jwalinshah/projects/officeqa-arena/results/runner_pool/pool-20260402T094504Z/deep_trials/events/UID0043.jsonl
officeqa-uid0044,UID0044,failed,officeqa-big-runner-01,,283.599,58209,46,1,0,False,/Users/jwalinshah/projects/officeqa-arena/results/runner_pool/pool-20260402T094504Z/deep_trials/reports/UID0044.json,/Users/jwalinshah/projects/officeqa-arena/results/runner_pool/pool-20260402T094504Z/deep_trials/reports/UID0044.md,/Users/jwalinshah/projects/officeqa-arena/results/runner_pool/pool-20260402T094504Z/deep_trials/events/UID0044.jsonl
officeqa-uid0045,UID0045,failed,officeqa-big-runner-02,,155.089,36605,28,1,0,False,/Users/jwalinshah/projects/officeqa-arena/results/runner_pool/pool-20260402T094504Z/deep_trials/reports/UID0045.json,/Users/jwalinshah/projects/officeqa-arena/results/runner_pool/pool-20260402T094504Z/deep_trials/reports/UID0045.md,/Users/jwalinshah/projects/officeqa-arena/results/runner_pool/pool-20260402T094504Z/deep_trials/events/UID0045.jsonl
officeqa-uid0046,UID0046,failed,officeqa-big-runner-02,,164.637,20381,14,1,0,False,/Users/jwalinshah/projects/officeqa-arena/results/runner_pool/pool-20260402T094504Z/deep_trials/reports/UID0046.json,/Users/jwalinshah/projects/officeqa-arena/results/runner_pool/pool-20260402T094504Z/deep_trials/reports/UID0046.md,/Users/jwalinshah/projects/officeqa-arena/results/runner_pool/pool-20260402T094504Z/deep_trials/events/UID0046.jsonl
officeqa-uid0047,UID0047,passed,officeqa-big-runner-02,,86.906,15166,7,1,0,False,/Users/jwalinshah/projects/officeqa-arena/results/runner_pool/pool-20260402T094504Z/deep_trials/reports/UID0047.json,/Users/jwalinshah/projects/officeqa-arena/results/runner_pool/pool-20260402T094504Z/deep_trials/reports/UID0047.md,/Users/jwalinshah/projects/officeqa-arena/results/runner_pool/pool-20260402T094504Z/deep_trials/events/UID0047.jsonl
officeqa-uid0048,UID0048,passed,officeqa-big-runner-02,,98.508,11282,7,1,0,False,/Users/jwalinshah/projects/officeqa-arena/results/runner_pool/pool-20260402T094504Z/deep_trials/reports/UID0048.json,/Users/jwalinshah/projects/officeqa-arena/results/runner_pool/pool-20260402T094504Z/deep_trials/reports/UID0048.md,/Users/jwalinshah/projects/officeqa-arena/results/runner_pool/pool-20260402T094504Z/deep_trials/events/UID0048.jsonl
officeqa-uid0049,UID0049,failed,officeqa-big-runner-01,,270.214,41179,15,1,0,False,/Users/jwalinshah/projects/officeqa-arena/results/runner_pool/pool-20260402T094504Z/deep_trials/reports/UID0049.json,/Users/jwalinshah/projects/officeqa-arena/results/runner_pool/pool-20260402T094504Z/deep_trials/reports/UID0049.md,/Users/jwalinshah/projects/officeqa-arena/results/runner_pool/pool-20260402T094504Z/deep_trials/events/UID0049.jsonl
officeqa-uid0050,UID0050,passed,officeqa-big-runner-01,,115.528,15173,10,1,0,False,/Users/jwalinshah/projects/officeqa-arena/results/runner_pool/pool-20260402T094504Z/deep_trials/reports/UID0050.json,/Users/jwalinshah/projects/officeqa-arena/results/runner_pool/pool-20260402T094504Z/deep_trials/reports/UID0050.md,/Users/jwalinshah/projects/officeqa-arena/results/runner_pool/pool-20260402T094504Z/deep_trials/events/UID0050.jsonl
officeqa-uid0051,UID0051,passed,officeqa-big-runner-01,,113.269,12961,6,0,0,False,/Users/jwalinshah/projects/officeqa-arena/results/runner_pool/pool-20260402T094504Z/deep_trials/reports/UID0051.json,/Users/jwalinshah/projects/officeqa-arena/results/runner_pool/pool-20260402T094504Z/deep_trials/reports/UID0051.md,/Users/jwalinshah/projects/officeqa-arena/results/runner_pool/pool-20260402T094504Z/deep_trials/events/UID0051.jsonl
officeqa-uid0052,UID0052,passed,officeqa-big-runner-01,,191.767,29382,20,0,0,False,/Users/jwalinshah/projects/officeqa-arena/results/runner_pool/pool-20260402T094504Z/deep_trials/reports/UID0052.json,/Users/jwalinshah/projects/officeqa-arena/results/runner_pool/pool-20260402T094504Z/deep_trials/reports/UID0052.md,/Users/jwalinshah/projects/officeqa-arena/results/runner_pool/pool-20260402T094504Z/deep_trials/events/UID0052.jsonl
officeqa-uid0053,UID0053,failed,officeqa-big-runner-02,,900.285,,73,0,0,True,/Users/jwalinshah/projects/officeqa-arena/results/runner_pool/pool-20260402T094504Z/deep_trials/reports/UID0053.json,/Users/jwalinshah/projects/officeqa-arena/results/runner_pool/pool-20260402T094504Z/deep_trials/reports/UID0053.md,/Users/jwalinshah/projects/officeqa-arena/results/runner_pool/pool-20260402T094504Z/deep_trials/events/UID0053.jsonl
officeqa-uid0054,UID0054,passed,officeqa-big-runner-02,,139.053,20961,14,1,0,False,/Users/jwalinshah/projects/officeqa-arena/results/runner_pool/pool-20260402T094504Z/deep_trials/reports/UID0054.json,/Users/jwalinshah/projects/officeqa-arena/results/runner_pool/pool-20260402T094504Z/deep_trials/reports/UID0054.md,/Users/jwalinshah/projects/officeqa-arena/results/runner_pool/pool-20260402T094504Z/deep_trials/events/UID0054.jsonl
officeqa-uid0055,UID0055,failed,officeqa-big-runner-02,,219.195,36758,25,1,0,False,/Users/jwalinshah/projects/officeqa-arena/results/runner_pool/pool-20260402T094504Z/deep_trials/reports/UID0055.json,/Users/jwalinshah/projects/officeqa-arena/results/runner_pool/pool-20260402T094504Z/deep_trials/reports/UID0055.md,/Users/jwalinshah/projects/officeqa-arena/results/runner_pool/pool-20260402T094504Z/deep_trials/events/UID0055.jsonl
officeqa-uid0056,UID0056,failed,officeqa-big-runner-02,,622.617,72467,75,0,0,False,/Users/jwalinshah/projects/officeqa-arena/results/runner_pool/pool-20260402T094504Z/deep_trials/reports/UID0056.json,/Users/jwalinshah/projects/officeqa-arena/results/runner_pool/pool-20260402T094504Z/deep_trials/reports/UID0056.md,/Users/jwalinshah/projects/officeqa-arena/results/runner_pool/pool-20260402T094504Z/deep_trials/events/UID0056.jsonl
officeqa-uid0057,UID0057,passed,officeqa-big-runner-01,,533.524,62728,68,1,1,False,/Users/jwalinshah/projects/officeqa-arena/results/runner_pool/pool-20260402T094504Z/deep_trials/reports/UID0057.json,/Users/jwalinshah/projects/officeqa-arena/results/runner_pool/pool-20260402T094504Z/deep_trials/reports/UID0057.md,/Users/jwalinshah/projects/officeqa-arena/results/runner_pool/pool-20260402T094504Z/deep_trials/events/UID0057.jsonl
officeqa-uid0058,UID0058,failed,officeqa-big-runner-01,,125.571,25472,13,1,0,False,/Users/jwalinshah/projects/officeqa-arena/results/runner_pool/pool-20260402T094504Z/deep_trials/reports/UID0058.json,/Users/jwalinshah/projects/officeqa-arena/results/runner_pool/pool-20260402T094504Z/deep_trials/reports/UID0058.md,/Users/jwalinshah/projects/officeqa-arena/results/runner_pool/pool-20260402T094504Z/deep_trials/events/UID0058.jsonl
officeqa-uid0059,UID0059,passed,officeqa-big-runner-01,,226.572,20048,14,1,0,False,/Users/jwalinshah/projects/officeqa-arena/results/runner_pool/pool-20260402T094504Z/deep_trials/reports/UID0059.json,/Users/jwalinshah/projects/officeqa-arena/results/runner_pool/pool-20260402T094504Z/deep_trials/reports/UID0059.md,/Users/jwalinshah/projects/officeqa-arena/results/runner_pool/pool-20260402T094504Z/deep_trials/events/UID0059.jsonl
officeqa-uid0060,UID0060,failed,officeqa-big-runner-01,,188.408,25814,25,1,0,False,/Users/jwalinshah/projects/officeqa-arena/results/runner_pool/pool-20260402T094504Z/deep_trials/reports/UID0060.json,/Users/jwalinshah/projects/officeqa-arena/results/runner_pool/pool-20260402T094504Z/deep_trials/reports/UID0060.md,/Users/jwalinshah/projects/officeqa-arena/results/runner_pool/pool-20260402T094504Z/deep_trials/events/UID0060.jsonl
officeqa-uid0061,UID0061,passed,officeqa-big-runner-02,,140.537,22203,14,1,0,False,/Users/jwalinshah/projects/officeqa-arena/results/runner_pool/pool-20260402T094504Z/deep_trials/reports/UID0061.json,/Users/jwalinshah/projects/officeqa-arena/results/runner_pool/pool-20260402T094504Z/deep_trials/reports/UID0061.md,/Users/jwalinshah/projects/officeqa-arena/results/runner_pool/pool-20260402T094504Z/deep_trials/events/UID0061.jsonl
officeqa-uid0062,UID0062,failed,officeqa-big-runner-02,,218.826,29259,32,1,0,False,/Users/jwalinshah/projects/officeqa-arena/results/runner_pool/pool-20260402T094504Z/deep_trials/reports/UID0062.json,/Users/jwalinshah/projects/officeqa-arena/results/runner_pool/pool-20260402T094504Z/deep_trials/reports/UID0062.md,/Users/jwalinshah/projects/officeqa-arena/results/runner_pool/pool-20260402T094504Z/deep_trials/events/UID0062.jsonl
officeqa-uid0063,UID0063,passed,officeqa-big-runner-02,,277.969,41789,35,1,0,False,/Users/jwalinshah/projects/officeqa-arena/results/runner_pool/pool-20260402T094504Z/deep_trials/reports/UID0063.json,/Users/jwalinshah/projects/officeqa-arena/results/runner_pool/pool-20260402T094504Z/deep_trials/reports/UID0063.md,/Users/jwalinshah/projects/officeqa-arena/results/runner_pool/pool-20260402T094504Z/deep_trials/events/UID0063.jsonl
officeqa-uid0064,UID0064,passed,officeqa-big-runner-02,,725.609,26301,17,1,0,False,/Users/jwalinshah/projects/officeqa-arena/results/runner_pool/pool-20260402T094504Z/deep_trials/reports/UID0064.json,/Users/jwalinshah/projects/officeqa-arena/results/runner_pool/pool-20260402T094504Z/deep_trials/reports/UID0064.md,/Users/jwalinshah/projects/officeqa-arena/results/runner_pool/pool-20260402T094504Z/deep_trials/events/UID0064.jsonl
officeqa-uid0065,UID0065,passed,officeqa-big-runner-01,,85.801,12984,9,1,0,False,/Users/jwalinshah/projects/officeqa-arena/results/runner_pool/pool-20260402T094504Z/deep_trials/reports/UID0065.json,/Users/jwalinshah/projects/officeqa-arena/results/runner_pool/pool-20260402T094504Z/deep_trials/reports/UID0065.md,/Users/jwalinshah/projects/officeqa-arena/results/runner_pool/pool-20260402T094504Z/deep_trials/events/UID0065.jsonl
officeqa-uid0066,UID0066,failed,officeqa-big-runner-01,,134.064,15576,11,1,0,False,/Users/jwalinshah/projects/officeqa-arena/results/runner_pool/pool-20260402T094504Z/deep_trials/reports/UID0066.json,/Users/jwalinshah/projects/officeqa-arena/results/runner_pool/pool-20260402T094504Z/deep_trials/reports/UID0066.md,/Users/jwalinshah/projects/officeqa-arena/results/runner_pool/pool-20260402T094504Z/deep_trials/events/UID0066.jsonl
officeqa-uid0067,UID0067,passed,officeqa-big-runner-01,,192.585,22587,12,1,0,False,/Users/jwalinshah/projects/officeqa-arena/results/runner_pool/pool-20260402T094504Z/deep_trials/reports/UID0067.json,/Users/jwalinshah/projects/officeqa-arena/results/runner_pool/pool-20260402T094504Z/deep_trials/reports/UID0067.md,/Users/jwalinshah/projects/officeqa-arena/results/runner_pool/pool-20260402T094504Z/deep_trials/events/UID0067.jsonl
officeqa-uid0068,UID0068,passed,officeqa-big-runner-01,,413.54,50977,54,1,0,False,/Users/jwalinshah/projects/officeqa-arena/results/runner_pool/pool-20260402T094504Z/deep_trials/reports/UID0068.json,/Users/jwalinshah/projects/officeqa-arena/results/runner_pool/pool-20260402T094504Z/deep_trials/reports/UID0068.md,/Users/jwalinshah/projects/officeqa-arena/results/runner_pool/pool-20260402T094504Z/deep_trials/events/UID0068.jsonl
officeqa-uid0069,UID0069,failed,officeqa-big-runner-02,,342.879,69900,59,0,0,False,/Users/jwalinshah/projects/officeqa-arena/results/runner_pool/pool-20260402T094504Z/deep_trials/reports/UID0069.json,/Users/jwalinshah/projects/officeqa-arena/results/runner_pool/pool-20260402T094504Z/deep_trials/reports/UID0069.md,/Users/jwalinshah/projects/officeqa-arena/results/runner_pool/pool-20260402T094504Z/deep_trials/events/UID0069.jsonl
officeqa-uid0070,UID0070,passed,officeqa-big-runner-02,,196.286,20536,31,1,0,False,/Users/jwalinshah/projects/officeqa-arena/results/runner_pool/pool-20260402T094504Z/deep_trials/reports/UID0070.json,/Users/jwalinshah/projects/officeqa-arena/results/runner_pool/pool-20260402T094504Z/deep_trials/reports/UID0070.md,/Users/jwalinshah/projects/officeqa-arena/results/runner_pool/pool-20260402T094504Z/deep_trials/events/UID0070.jsonl
officeqa-uid0071,UID0071,failed,officeqa-big-runner-02,,515.55,71631,51,1,0,False,/Users/jwalinshah/projects/officeqa-arena/results/runner_pool/pool-20260402T094504Z/deep_trials/reports/UID0071.json,/Users/jwalinshah/projects/officeqa-arena/results/runner_pool/pool-20260402T094504Z/deep_trials/reports/UID0071.md,/Users/jwalinshah/projects/officeqa-arena/results/runner_pool/pool-20260402T094504Z/deep_trials/events/UID0071.jsonl
officeqa-uid0072,UID0072,passed,officeqa-big-runner-02,,176.953,29035,10,1,0,False,/Users/jwalinshah/projects/officeqa-arena/results/runner_pool/pool-20260402T094504Z/deep_trials/reports/UID0072.json,/Users/jwalinshah/projects/officeqa-arena/results/runner_pool/pool-20260402T094504Z/deep_trials/reports/UID0072.md,/Users/jwalinshah/projects/officeqa-arena/results/runner_pool/pool-20260402T094504Z/deep_trials/events/UID0072.jsonl
officeqa-uid0073,UID0073,passed,officeqa-big-runner-01,,845.778,64868,97,1,0,False,/Users/jwalinshah/projects/officeqa-arena/results/runner_pool/pool-20260402T094504Z/deep_trials/reports/UID0073.json,/Users/jwalinshah/projects/officeqa-arena/results/runner_pool/pool-20260402T094504Z/deep_trials/reports/UID0073.md,/Users/jwalinshah/projects/officeqa-arena/results/runner_pool/pool-20260402T094504Z/deep_trials/events/UID0073.jsonl
officeqa-uid0074,UID0074,passed,officeqa-big-runner-01,,204.232,18457,3,1,0,False,/Users/jwalinshah/projects/officeqa-arena/results/runner_pool/pool-20260402T094504Z/deep_trials/reports/UID0074.json,/Users/jwalinshah/projects/officeqa-arena/results/runner_pool/pool-20260402T094504Z/deep_trials/reports/UID0074.md,/Users/jwalinshah/projects/officeqa-arena/results/runner_pool/pool-20260402T094504Z/deep_trials/events/UID0074.jsonl
officeqa-uid0075,UID0075,passed,officeqa-big-runner-01,,312.961,47957,43,1,0,False,/Users/jwalinshah/projects/officeqa-arena/results/runner_pool/pool-20260402T094504Z/deep_trials/reports/UID0075.json,/Users/jwalinshah/projects/officeqa-arena/results/runner_pool/pool-20260402T094504Z/deep_trials/reports/UID0075.md,/Users/jwalinshah/projects/officeqa-arena/results/runner_pool/pool-20260402T094504Z/deep_trials/events/UID0075.jsonl
officeqa-uid0076,UID0076,failed,officeqa-big-runner-01,,319.658,29965,26,1,0,False,/Users/jwalinshah/projects/officeqa-arena/results/runner_pool/pool-20260402T094504Z/deep_trials/reports/UID0076.json,/Users/jwalinshah/projects/officeqa-arena/results/runner_pool/pool-20260402T094504Z/deep_trials/reports/UID0076.md,/Users/jwalinshah/projects/officeqa-arena/results/runner_pool/pool-20260402T094504Z/deep_trials/events/UID0076.jsonl
officeqa-uid0077,UID0077,failed,officeqa-big-runner-02,,263.797,31966,25,1,0,False,/Users/jwalinshah/projects/officeqa-arena/results/runner_pool/pool-20260402T094504Z/deep_trials/reports/UID0077.json,/Users/jwalinshah/projects/officeqa-arena/results/runner_pool/pool-20260402T094504Z/deep_trials/reports/UID0077.md,/Users/jwalinshah/projects/officeqa-arena/results/runner_pool/pool-20260402T094504Z/deep_trials/events/UID0077.jsonl
officeqa-uid0078,UID0078,passed,officeqa-big-runner-02,,175.481,16601,11,1,0,False,/Users/jwalinshah/projects/officeqa-arena/results/runner_pool/pool-20260402T094504Z/deep_trials/reports/UID0078.json,/Users/jwalinshah/projects/officeqa-arena/results/runner_pool/pool-20260402T094504Z/deep_trials/reports/UID0078.md,/Users/jwalinshah/projects/officeqa-arena/results/runner_pool/pool-20260402T094504Z/deep_trials/events/UID0078.jsonl
officeqa-uid0079,UID0079,failed,officeqa-big-runner-02,,311.203,15070,12,1,0,False,/Users/jwalinshah/projects/officeqa-arena/results/runner_pool/pool-20260402T094504Z/deep_trials/reports/UID0079.json,/Users/jwalinshah/projects/officeqa-arena/results/runner_pool/pool-20260402T094504Z/deep_trials/reports/UID0079.md,/Users/jwalinshah/projects/officeqa-arena/results/runner_pool/pool-20260402T094504Z/deep_trials/events/UID0079.jsonl
officeqa-uid0080,UID0080,passed,officeqa-big-runner-02,,170.181,12095,15,1,0,False,/Users/jwalinshah/projects/officeqa-arena/results/runner_pool/pool-20260402T094504Z/deep_trials/reports/UID0080.json,/Users/jwalinshah/projects/officeqa-arena/results/runner_pool/pool-20260402T094504Z/deep_trials/reports/UID0080.md,/Users/jwalinshah/projects/officeqa-arena/results/runner_pool/pool-20260402T094504Z/deep_trials/events/UID0080.jsonl
officeqa-uid0081,UID0081,failed,officeqa-big-runner-01,,84.331,13149,5,1,0,False,/Users/jwalinshah/projects/officeqa-arena/results/runner_pool/pool-20260402T094504Z/deep_trials/reports/UID0081.json,/Users/jwalinshah/projects/officeqa-arena/results/runner_pool/pool-20260402T094504Z/deep_trials/reports/UID0081.md,/Users/jwalinshah/projects/officeqa-arena/results/runner_pool/pool-20260402T094504Z/deep_trials/events/UID0081.jsonl
officeqa-uid0082,UID0082,failed,officeqa-big-runner-01,,163.626,19962,8,1,0,False,/Users/jwalinshah/projects/officeqa-arena/results/runner_pool/pool-20260402T094504Z/deep_trials/reports/UID0082.json,/Users/jwalinshah/projects/officeqa-arena/results/runner_pool/pool-20260402T094504Z/deep_trials/reports/UID0082.md,/Users/jwalinshah/projects/officeqa-arena/results/runner_pool/pool-20260402T094504Z/deep_trials/events/UID0082.jsonl
officeqa-uid0083,UID0083,passed,officeqa-big-runner-01,,373.502,39929,46,1,1,False,/Users/jwalinshah/projects/officeqa-arena/results/runner_pool/pool-20260402T094504Z/deep_trials/reports/UID0083.json,/Users/jwalinshah/projects/officeqa-arena/results/runner_pool/pool-20260402T094504Z/deep_trials/reports/UID0083.md,/Users/jwalinshah/projects/officeqa-arena/results/runner_pool/pool-20260402T094504Z/deep_trials/events/UID0083.jsonl
officeqa-uid0084,UID0084,passed,officeqa-big-runner-01,,386.304,24997,13,1,0,False,/Users/jwalinshah/projects/officeqa-arena/results/runner_pool/pool-20260402T094504Z/deep_trials/reports/UID0084.json,/Users/jwalinshah/projects/officeqa-arena/results/runner_pool/pool-20260402T094504Z/deep_trials/reports/UID0084.md,/Users/jwalinshah/projects/officeqa-arena/results/runner_pool/pool-20260402T094504Z/deep_trials/events/UID0084.jsonl
officeqa-uid0085,UID0085,failed,officeqa-big-runner-02,,143.115,11994,6,1,0,False,/Users/jwalinshah/projects/officeqa-arena/results/runner_pool/pool-20260402T094504Z/deep_trials/reports/UID0085.json,/Users/jwalinshah/projects/officeqa-arena/results/runner_pool/pool-20260402T094504Z/deep_trials/reports/UID0085.md,/Users/jwalinshah/projects/officeqa-arena/results/runner_pool/pool-20260402T094504Z/deep_trials/events/UID0085.jsonl
officeqa-uid0086,UID0086,passed,officeqa-big-runner-02,,184.332,13473,15,1,0,False,/Users/jwalinshah/projects/officeqa-arena/results/runner_pool/pool-20260402T094504Z/deep_trials/reports/UID0086.json,/Users/jwalinshah/projects/officeqa-arena/results/runner_pool/pool-20260402T094504Z/deep_trials/reports/UID0086.md,/Users/jwalinshah/projects/officeqa-arena/results/runner_pool/pool-20260402T094504Z/deep_trials/events/UID0086.jsonl
officeqa-uid0087,UID0087,passed,officeqa-big-runner-02,,176.746,23380,16,1,0,False,/Users/jwalinshah/projects/officeqa-arena/results/runner_pool/pool-20260402T094504Z/deep_trials/reports/UID0087.json,/Users/jwalinshah/projects/officeqa-arena/results/runner_pool/pool-20260402T094504Z/deep_trials/reports/UID0087.md,/Users/jwalinshah/projects/officeqa-arena/results/runner_pool/pool-20260402T094504Z/deep_trials/events/UID0087.jsonl
officeqa-uid0088,UID0088,passed,officeqa-big-runner-02,,340.128,47623,44,1,0,False,/Users/jwalinshah/projects/officeqa-arena/results/runner_pool/pool-20260402T094504Z/deep_trials/reports/UID0088.json,/Users/jwalinshah/projects/officeqa-arena/results/runner_pool/pool-20260402T094504Z/deep_trials/reports/UID0088.md,/Users/jwalinshah/projects/officeqa-arena/results/runner_pool/pool-20260402T094504Z/deep_trials/events/UID0088.jsonl
officeqa-uid0089,UID0089,failed,officeqa-big-runner-01,,437.353,45343,52,1,0,False,/Users/jwalinshah/projects/officeqa-arena/results/runner_pool/pool-20260402T094504Z/deep_trials/reports/UID0089.json,/Users/jwalinshah/projects/officeqa-arena/results/runner_pool/pool-20260402T094504Z/deep_trials/reports/UID0089.md,/Users/jwalinshah/projects/officeqa-arena/results/runner_pool/pool-20260402T094504Z/deep_trials/events/UID0089.jsonl
officeqa-uid0090,UID0090,passed,officeqa-big-runner-01,,143.643,14020,4,1,0,False,/Users/jwalinshah/projects/officeqa-arena/results/runner_pool/pool-20260402T094504Z/deep_trials/reports/UID0090.json,/Users/jwalinshah/projects/officeqa-arena/results/runner_pool/pool-20260402T094504Z/deep_trials/reports/UID0090.md,/Users/jwalinshah/projects/officeqa-arena/results/runner_pool/pool-20260402T094504Z/deep_trials/events/UID0090.jsonl
officeqa-uid0091,UID0091,failed,officeqa-big-runner-01,,133.407,8951,4,1,0,False,/Users/jwalinshah/projects/officeqa-arena/results/runner_pool/pool-20260402T094504Z/deep_trials/reports/UID0091.json,/Users/jwalinshah/projects/officeqa-arena/results/runner_pool/pool-20260402T094504Z/deep_trials/reports/UID0091.md,/Users/jwalinshah/projects/officeqa-arena/results/runner_pool/pool-20260402T094504Z/deep_trials/events/UID0091.jsonl
officeqa-uid0092,UID0092,failed,officeqa-big-runner-01,,311.668,50139,49,1,0,False,/Users/jwalinshah/projects/officeqa-arena/results/runner_pool/pool-20260402T094504Z/deep_trials/reports/UID0092.json,/Users/jwalinshah/projects/officeqa-arena/results/runner_pool/pool-20260402T094504Z/deep_trials/reports/UID0092.md,/Users/jwalinshah/projects/officeqa-arena/results/runner_pool/pool-20260402T094504Z/deep_trials/events/UID0092.jsonl
officeqa-uid0093,UID0093,passed,officeqa-big-runner-02,,450.632,56413,55,1,0,False,/Users/jwalinshah/projects/officeqa-arena/results/runner_pool/pool-20260402T094504Z/deep_trials/reports/UID0093.json,/Users/jwalinshah/projects/officeqa-arena/results/runner_pool/pool-20260402T094504Z/deep_trials/reports/UID0093.md,/Users/jwalinshah/projects/officeqa-arena/results/runner_pool/pool-20260402T094504Z/deep_trials/events/UID0093.jsonl
officeqa-uid0094,UID0094,failed,officeqa-big-runner-02,,276.139,29103,21,1,0,False,/Users/jwalinshah/projects/officeqa-arena/results/runner_pool/pool-20260402T094504Z/deep_trials/reports/UID0094.json,/Users/jwalinshah/projects/officeqa-arena/results/runner_pool/pool-20260402T094504Z/deep_trials/reports/UID0094.md,/Users/jwalinshah/projects/officeqa-arena/results/runner_pool/pool-20260402T094504Z/deep_trials/events/UID0094.jsonl
officeqa-uid0095,UID0095,passed,officeqa-big-runner-02,,356.495,33342,31,1,0,False,/Users/jwalinshah/projects/officeqa-arena/results/runner_pool/pool-20260402T094504Z/deep_trials/reports/UID0095.json,/Users/jwalinshah/projects/officeqa-arena/results/runner_pool/pool-20260402T094504Z/deep_trials/reports/UID0095.md,/Users/jwalinshah/projects/officeqa-arena/results/runner_pool/pool-20260402T094504Z/deep_trials/events/UID0095.jsonl
officeqa-uid0096,UID0096,failed,officeqa-big-runner-02,,743.819,72806,99,1,0,False,/Users/jwalinshah/projects/officeqa-arena/results/runner_pool/pool-20260402T094504Z/deep_trials/reports/UID0096.json,/Users/jwalinshah/projects/officeqa-arena/results/runner_pool/pool-20260402T094504Z/deep_trials/reports/UID0096.md,/Users/jwalinshah/projects/officeqa-arena/results/runner_pool/pool-20260402T094504Z/deep_trials/events/UID0096.jsonl
officeqa-uid0097,UID0097,passed,officeqa-big-runner-01,,136.565,21408,12,1,0,False,/Users/jwalinshah/projects/officeqa-arena/results/runner_pool/pool-20260402T094504Z/deep_trials/reports/UID0097.json,/Users/jwalinshah/projects/officeqa-arena/results/runner_pool/pool-20260402T094504Z/deep_trials/reports/UID0097.md,/Users/jwalinshah/projects/officeqa-arena/results/runner_pool/pool-20260402T094504Z/deep_trials/events/UID0097.jsonl
officeqa-uid0098,UID0098,failed,officeqa-big-runner-01,,863.181,39062,38,1,0,False,/Users/jwalinshah/projects/officeqa-arena/results/runner_pool/pool-20260402T094504Z/deep_trials/reports/UID0098.json,/Users/jwalinshah/projects/officeqa-arena/results/runner_pool/pool-20260402T094504Z/deep_trials/reports/UID0098.md,/Users/jwalinshah/projects/officeqa-arena/results/runner_pool/pool-20260402T094504Z/deep_trials/events/UID0098.jsonl
officeqa-uid0099,UID0099,passed,officeqa-big-runner-01,,127.434,9420,0,1,0,False,/Users/jwalinshah/projects/officeqa-arena/results/runner_pool/pool-20260402T094504Z/deep_trials/reports/UID0099.json,/Users/jwalinshah/projects/officeqa-arena/results/runner_pool/pool-20260402T094504Z/deep_trials/reports/UID0099.md,/Users/jwalinshah/projects/officeqa-arena/results/runner_pool/pool-20260402T094504Z/deep_trials/events/UID0099.jsonl
officeqa-uid0100,UID0100,passed,officeqa-big-runner-01,,253.415,39061,34,1,0,False,/Users/jwalinshah/projects/officeqa-arena/results/runner_pool/pool-20260402T094504Z/deep_trials/reports/UID0100.json,/Users/jwalinshah/projects/officeqa-arena/results/runner_pool/pool-20260402T094504Z/deep_trials/reports/UID0100.md,/Users/jwalinshah/projects/officeqa-arena/results/runner_pool/pool-20260402T094504Z/deep_trials/events/UID0100.jsonl
officeqa-uid0101,UID0101,failed,officeqa-big-runner-02,,204.243,20386,20,1,0,False,/Users/jwalinshah/projects/officeqa-arena/results/runner_pool/pool-20260402T094504Z/deep_trials/reports/UID0101.json,/Users/jwalinshah/projects/officeqa-arena/results/runner_pool/pool-20260402T094504Z/deep_trials/reports/UID0101.md,/Users/jwalinshah/projects/officeqa-arena/results/runner_pool/pool-20260402T094504Z/deep_trials/events/UID0101.jsonl
officeqa-uid0102,UID0102,failed,officeqa-big-runner-02,,213.261,20634,17,1,0,False,/Users/jwalinshah/projects/officeqa-arena/results/runner_pool/pool-20260402T094504Z/deep_trials/reports/UID0102.json,/Users/jwalinshah/projects/officeqa-arena/results/runner_pool/pool-20260402T094504Z/deep_trials/reports/UID0102.md,/Users/jwalinshah/projects/officeqa-arena/results/runner_pool/pool-20260402T094504Z/deep_trials/events/UID0102.jsonl
officeqa-uid0103,UID0103,passed,officeqa-big-runner-02,,178.175,33570,22,0,0,False,/Users/jwalinshah/projects/officeqa-arena/results/runner_pool/pool-20260402T094504Z/deep_trials/reports/UID0103.json,/Users/jwalinshah/projects/officeqa-arena/results/runner_pool/pool-20260402T094504Z/deep_trials/reports/UID0103.md,/Users/jwalinshah/projects/officeqa-arena/results/runner_pool/pool-20260402T094504Z/deep_trials/events/UID0103.jsonl
officeqa-uid0104,UID0104,failed,officeqa-big-runner-02,,163.311,15608,7,1,0,False,/Users/jwalinshah/projects/officeqa-arena/results/runner_pool/pool-20260402T094504Z/deep_trials/reports/UID0104.json,/Users/jwalinshah/projects/officeqa-arena/results/runner_pool/pool-20260402T094504Z/deep_trials/reports/UID0104.md,/Users/jwalinshah/projects/officeqa-arena/results/runner_pool/pool-20260402T094504Z/deep_trials/events/UID0104.jsonl
officeqa-uid0105,UID0105,failed,officeqa-big-runner-01,,264.162,33528,25,1,0,False,/Users/jwalinshah/projects/officeqa-arena/results/runner_pool/pool-20260402T094504Z/deep_trials/reports/UID0105.json,/Users/jwalinshah/projects/officeqa-arena/results/runner_pool/pool-20260402T094504Z/deep_trials/reports/UID0105.md,/Users/jwalinshah/projects/officeqa-arena/results/runner_pool/pool-20260402T094504Z/deep_trials/events/UID0105.jsonl
officeqa-uid0106,UID0106,passed,officeqa-big-runner-01,,130.947,19692,9,1,0,False,/Users/jwalinshah/projects/officeqa-arena/results/runner_pool/pool-20260402T094504Z/deep_trials/reports/UID0106.json,/Users/jwalinshah/projects/officeqa-arena/results/runner_pool/pool-20260402T094504Z/deep_trials/reports/UID0106.md,/Users/jwalinshah/projects/officeqa-arena/results/runner_pool/pool-20260402T094504Z/deep_trials/events/UID0106.jsonl
officeqa-uid0107,UID0107,passed,officeqa-big-runner-01,,164.958,17308,15,1,0,False,/Users/jwalinshah/projects/officeqa-arena/results/runner_pool/pool-20260402T094504Z/deep_trials/reports/UID0107.json,/Users/jwalinshah/projects/officeqa-arena/results/runner_pool/pool-20260402T094504Z/deep_trials/reports/UID0107.md,/Users/jwalinshah/projects/officeqa-arena/results/runner_pool/pool-20260402T094504Z/deep_trials/events/UID0107.jsonl
officeqa-uid0108,UID0108,failed,officeqa-big-runner-01,,234.713,31471,24,1,1,False,/Users/jwalinshah/projects/officeqa-arena/results/runner_pool/pool-20260402T094504Z/deep_trials/reports/UID0108.json,/Users/jwalinshah/projects/officeqa-arena/results/runner_pool/pool-20260402T094504Z/deep_trials/reports/UID0108.md,/Users/jwalinshah/projects/officeqa-arena/results/runner_pool/pool-20260402T094504Z/deep_trials/events/UID0108.jsonl
officeqa-uid0109,UID0109,passed,officeqa-big-runner-02,,125.407,14089,1,1,0,False,/Users/jwalinshah/projects/officeqa-arena/results/runner_pool/pool-20260402T094504Z/deep_trials/reports/UID0109.json,/Users/jwalinshah/projects/officeqa-arena/results/runner_pool/pool-20260402T094504Z/deep_trials/reports/UID0109.md,/Users/jwalinshah/projects/officeqa-arena/results/runner_pool/pool-20260402T094504Z/deep_trials/events/UID0109.jsonl
officeqa-uid0110,UID0110,failed,officeqa-big-runner-02,,310.697,47532,41,1,0,False,/Users/jwalinshah/projects/officeqa-arena/results/runner_pool/pool-20260402T094504Z/deep_trials/reports/UID0110.json,/Users/jwalinshah/projects/officeqa-arena/results/runner_pool/pool-20260402T094504Z/deep_trials/reports/UID0110.md,/Users/jwalinshah/projects/officeqa-arena/results/runner_pool/pool-20260402T094504Z/deep_trials/events/UID0110.jsonl
officeqa-uid0111,UID0111,passed,officeqa-big-runner-02,,358.038,40675,29,1,0,False,/Users/jwalinshah/projects/officeqa-arena/results/runner_pool/pool-20260402T094504Z/deep_trials/reports/UID0111.json,/Users/jwalinshah/projects/officeqa-arena/results/runner_pool/pool-20260402T094504Z/deep_trials/reports/UID0111.md,/Users/jwalinshah/projects/officeqa-arena/results/runner_pool/pool-20260402T094504Z/deep_trials/events/UID0111.jsonl
officeqa-uid0112,UID0112,passed,officeqa-big-runner-02,,247.536,31074,28,1,0,False,/Users/jwalinshah/projects/officeqa-arena/results/runner_pool/pool-20260402T094504Z/deep_trials/reports/UID0112.json,/Users/jwalinshah/projects/officeqa-arena/results/runner_pool/pool-20260402T094504Z/deep_trials/reports/UID0112.md,/Users/jwalinshah/projects/officeqa-arena/results/runner_pool/pool-20260402T094504Z/deep_trials/events/UID0112.jsonl
officeqa-uid0113,UID0113,failed,officeqa-big-runner-01,,195.01,35203,17,0,0,False,/Users/jwalinshah/projects/officeqa-arena/results/runner_pool/pool-20260402T094504Z/deep_trials/reports/UID0113.json,/Users/jwalinshah/projects/officeqa-arena/results/runner_pool/pool-20260402T094504Z/deep_trials/reports/UID0113.md,/Users/jwalinshah/projects/officeqa-arena/results/runner_pool/pool-20260402T094504Z/deep_trials/events/UID0113.jsonl
officeqa-uid0114,UID0114,failed,officeqa-big-runner-01,,900.336,,117,0,0,True,/Users/jwalinshah/projects/officeqa-arena/results/runner_pool/pool-20260402T094504Z/deep_trials/reports/UID0114.json,/Users/jwalinshah/projects/officeqa-arena/results/runner_pool/pool-20260402T094504Z/deep_trials/reports/UID0114.md,/Users/jwalinshah/projects/officeqa-arena/results/runner_pool/pool-20260402T094504Z/deep_trials/events/UID0114.jsonl
officeqa-uid0115,UID0115,failed,officeqa-big-runner-01,,340.714,35898,38,0,0,False,/Users/jwalinshah/projects/officeqa-arena/results/runner_pool/pool-20260402T094504Z/deep_trials/reports/UID0115.json,/Users/jwalinshah/projects/officeqa-arena/results/runner_pool/pool-20260402T094504Z/deep_trials/reports/UID0115.md,/Users/jwalinshah/projects/officeqa-arena/results/runner_pool/pool-20260402T094504Z/deep_trials/events/UID0115.jsonl
officeqa-uid0116,UID0116,passed,officeqa-big-runner-01,,199.342,41739,33,1,0,False,/Users/jwalinshah/projects/officeqa-arena/results/runner_pool/pool-20260402T094504Z/deep_trials/reports/UID0116.json,/Users/jwalinshah/projects/officeqa-arena/results/runner_pool/pool-20260402T094504Z/deep_trials/reports/UID0116.md,/Users/jwalinshah/projects/officeqa-arena/results/runner_pool/pool-20260402T094504Z/deep_trials/events/UID0116.jsonl
officeqa-uid0117,UID0117,failed,officeqa-big-runner-02,,617.008,65486,43,1,0,False,/Users/jwalinshah/projects/officeqa-arena/results/runner_pool/pool-20260402T094504Z/deep_trials/reports/UID0117.json,/Users/jwalinshah/projects/officeqa-arena/results/runner_pool/pool-20260402T094504Z/deep_trials/reports/UID0117.md,/Users/jwalinshah/projects/officeqa-arena/results/runner_pool/pool-20260402T094504Z/deep_trials/events/UID0117.jsonl
officeqa-uid0118,UID0118,failed,officeqa-big-runner-02,,900.583,,55,0,0,True,/Users/jwalinshah/projects/officeqa-arena/results/runner_pool/pool-20260402T094504Z/deep_trials/reports/UID0118.json,/Users/jwalinshah/projects/officeqa-arena/results/runner_pool/pool-20260402T094504Z/deep_trials/reports/UID0118.md,/Users/jwalinshah/projects/officeqa-arena/results/runner_pool/pool-20260402T094504Z/deep_trials/events/UID0118.jsonl
officeqa-uid0119,UID0119,passed,officeqa-big-runner-02,,421.821,39810,46,1,0,False,/Users/jwalinshah/projects/officeqa-arena/results/runner_pool/pool-20260402T094504Z/deep_trials/reports/UID0119.json,/Users/jwalinshah/projects/officeqa-arena/results/runner_pool/pool-20260402T094504Z/deep_trials/reports/UID0119.md,/Users/jwalinshah/projects/officeqa-arena/results/runner_pool/pool-20260402T094504Z/deep_trials/events/UID0119.jsonl
officeqa-uid0120,UID0120,failed,officeqa-big-runner-02,,352.537,57331,42,1,0,False,/Users/jwalinshah/projects/officeqa-arena/results/runner_pool/pool-20260402T094504Z/deep_trials/reports/UID0120.json,/Users/jwalinshah/projects/officeqa-arena/results/runner_pool/pool-20260402T094504Z/deep_trials/reports/UID0120.md,/Users/jwalinshah/projects/officeqa-arena/results/runner_pool/pool-20260402T094504Z/deep_trials/events/UID0120.jsonl
officeqa-uid0121,UID0121,failed,officeqa-big-runner-01,,285.779,45220,31,1,0,False,/Users/jwalinshah/projects/officeqa-arena/results/runner_pool/pool-20260402T094504Z/deep_trials/reports/UID0121.json,/Users/jwalinshah/projects/officeqa-arena/results/runner_pool/pool-20260402T094504Z/deep_trials/reports/UID0121.md,/Users/jwalinshah/projects/officeqa-arena/results/runner_pool/pool-20260402T094504Z/deep_trials/events/UID0121.jsonl
officeqa-uid0122,UID0122,failed,officeqa-big-runner-01,,819.154,69950,111,1,1,False,/Users/jwalinshah/projects/officeqa-arena/results/runner_pool/pool-20260402T094504Z/deep_trials/reports/UID0122.json,/Users/jwalinshah/projects/officeqa-arena/results/runner_pool/pool-20260402T094504Z/deep_trials/reports/UID0122.md,/Users/jwalinshah/projects/officeqa-arena/results/runner_pool/pool-20260402T094504Z/deep_trials/events/UID0122.jsonl
officeqa-uid0123,UID0123,failed,officeqa-big-runner-01,,179.095,25251,16,1,0,False,/Users/jwalinshah/projects/officeqa-arena/results/runner_pool/pool-20260402T094504Z/deep_trials/reports/UID0123.json,/Users/jwalinshah/projects/officeqa-arena/results/runner_pool/pool-20260402T094504Z/deep_trials/reports/UID0123.md,/Users/jwalinshah/projects/officeqa-arena/results/runner_pool/pool-20260402T094504Z/deep_trials/events/UID0123.jsonl
officeqa-uid0124,UID0124,failed,officeqa-big-runner-01,,172.772,35335,29,1,0,False,/Users/jwalinshah/projects/officeqa-arena/results/runner_pool/pool-20260402T094504Z/deep_trials/reports/UID0124.json,/Users/jwalinshah/projects/officeqa-arena/results/runner_pool/pool-20260402T094504Z/deep_trials/reports/UID0124.md,/Users/jwalinshah/projects/officeqa-arena/results/runner_pool/pool-20260402T094504Z/deep_trials/events/UID0124.jsonl
officeqa-uid0125,UID0125,failed,officeqa-big-runner-02,,129.997,13477,14,1,0,False,/Users/jwalinshah/projects/officeqa-arena/results/runner_pool/pool-20260402T094504Z/deep_trials/reports/UID0125.json,/Users/jwalinshah/projects/officeqa-arena/results/runner_pool/pool-20260402T094504Z/deep_trials/reports/UID0125.md,/Users/jwalinshah/projects/officeqa-arena/results/runner_pool/pool-20260402T094504Z/deep_trials/events/UID0125.jsonl
officeqa-uid0126,UID0126,failed,officeqa-big-runner-02,,522.846,79512,80,1,0,False,/Users/jwalinshah/projects/officeqa-arena/results/runner_pool/pool-20260402T094504Z/deep_trials/reports/UID0126.json,/Users/jwalinshah/projects/officeqa-arena/results/runner_pool/pool-20260402T094504Z/deep_trials/reports/UID0126.md,/Users/jwalinshah/projects/officeqa-arena/results/runner_pool/pool-20260402T094504Z/deep_trials/events/UID0126.jsonl
officeqa-uid0127,UID0127,failed,officeqa-big-runner-02,,341.038,26476,51,0,0,False,/Users/jwalinshah/projects/officeqa-arena/results/runner_pool/pool-20260402T094504Z/deep_trials/reports/UID0127.json,/Users/jwalinshah/projects/officeqa-arena/results/runner_pool/pool-20260402T094504Z/deep_trials/reports/UID0127.md,/Users/jwalinshah/projects/officeqa-arena/results/runner_pool/pool-20260402T094504Z/deep_trials/events/UID0127.jsonl
officeqa-uid0128,UID0128,failed,officeqa-big-runner-02,,168.503,30539,23,1,0,False,/Users/jwalinshah/projects/officeqa-arena/results/runner_pool/pool-20260402T094504Z/deep_trials/reports/UID0128.json,/Users/jwalinshah/projects/officeqa-arena/results/runner_pool/pool-20260402T094504Z/deep_trials/reports/UID0128.md,/Users/jwalinshah/projects/officeqa-arena/results/runner_pool/pool-20260402T094504Z/deep_trials/events/UID0128.jsonl
officeqa-uid0129,UID0129,failed,officeqa-big-runner-01,,838.665,93199,107,1,0,False,/Users/jwalinshah/projects/officeqa-arena/results/runner_pool/pool-20260402T094504Z/deep_trials/reports/UID0129.json,/Users/jwalinshah/projects/officeqa-arena/results/runner_pool/pool-20260402T094504Z/deep_trials/reports/UID0129.md,/Users/jwalinshah/projects/officeqa-arena/results/runner_pool/pool-20260402T094504Z/deep_trials/events/UID0129.jsonl
officeqa-uid0130,UID0130,passed,officeqa-big-runner-01,,156.523,18405,21,1,0,False,/Users/jwalinshah/projects/officeqa-arena/results/runner_pool/pool-20260402T094504Z/deep_trials/reports/UID0130.json,/Users/jwalinshah/projects/officeqa-arena/results/runner_pool/pool-20260402T094504Z/deep_trials/reports/UID0130.md,/Users/jwalinshah/projects/officeqa-arena/results/runner_pool/pool-20260402T094504Z/deep_trials/events/UID0130.jsonl
officeqa-uid0131,UID0131,passed,officeqa-big-runner-01,,103.397,20798,11,1,1,False,/Users/jwalinshah/projects/officeqa-arena/results/runner_pool/pool-20260402T094504Z/deep_trials/reports/UID0131.json,/Users/jwalinshah/projects/officeqa-arena/results/runner_pool/pool-20260402T094504Z/deep_trials/reports/UID0131.md,/Users/jwalinshah/projects/officeqa-arena/results/runner_pool/pool-20260402T094504Z/deep_trials/events/UID0131.jsonl
officeqa-uid0132,UID0132,failed,officeqa-big-runner-01,,114.583,13587,7,1,1,False,/Users/jwalinshah/projects/officeqa-arena/results/runner_pool/pool-20260402T094504Z/deep_trials/reports/UID0132.json,/Users/jwalinshah/projects/officeqa-arena/results/runner_pool/pool-20260402T094504Z/deep_trials/reports/UID0132.md,/Users/jwalinshah/projects/officeqa-arena/results/runner_pool/pool-20260402T094504Z/deep_trials/events/UID0132.jsonl
officeqa-uid0133,UID0133,failed,officeqa-big-runner-02,,255.48,27966,14,1,1,False,/Users/jwalinshah/projects/officeqa-arena/results/runner_pool/pool-20260402T094504Z/deep_trials/reports/UID0133.json,/Users/jwalinshah/projects/officeqa-arena/results/runner_pool/pool-20260402T094504Z/deep_trials/reports/UID0133.md,/Users/jwalinshah/projects/officeqa-arena/results/runner_pool/pool-20260402T094504Z/deep_trials/events/UID0133.jsonl
officeqa-uid0134,UID0134,passed,officeqa-big-runner-02,,196.343,35030,25,0,0,False,/Users/jwalinshah/projects/officeqa-arena/results/runner_pool/pool-20260402T094504Z/deep_trials/reports/UID0134.json,/Users/jwalinshah/projects/officeqa-arena/results/runner_pool/pool-20260402T094504Z/deep_trials/reports/UID0134.md,/Users/jwalinshah/projects/officeqa-arena/results/runner_pool/pool-20260402T094504Z/deep_trials/events/UID0134.jsonl
officeqa-uid0135,UID0135,failed,officeqa-big-runner-02,,501.604,46778,39,1,0,False,/Users/jwalinshah/projects/officeqa-arena/results/runner_pool/pool-20260402T094504Z/deep_trials/reports/UID0135.json,/Users/jwalinshah/projects/officeqa-arena/results/runner_pool/pool-20260402T094504Z/deep_trials/reports/UID0135.md,/Users/jwalinshah/projects/officeqa-arena/results/runner_pool/pool-20260402T094504Z/deep_trials/events/UID0135.jsonl
officeqa-uid0136,UID0136,passed,officeqa-big-runner-02,,226.352,54105,23,1,0,False,/Users/jwalinshah/projects/officeqa-arena/results/runner_pool/pool-20260402T094504Z/deep_trials/reports/UID0136.json,/Users/jwalinshah/projects/officeqa-arena/results/runner_pool/pool-20260402T094504Z/deep_trials/reports/UID0136.md,/Users/jwalinshah/projects/officeqa-arena/results/runner_pool/pool-20260402T094504Z/deep_trials/events/UID0136.jsonl
officeqa-uid0137,UID0137,passed,officeqa-big-runner-01,,231.723,30197,18,1,0,False,/Users/jwalinshah/projects/officeqa-arena/results/runner_pool/pool-20260402T094504Z/deep_trials/reports/UID0137.json,/Users/jwalinshah/projects/officeqa-arena/results/runner_pool/pool-20260402T094504Z/deep_trials/reports/UID0137.md,/Users/jwalinshah/projects/officeqa-arena/results/runner_pool/pool-20260402T094504Z/deep_trials/events/UID0137.jsonl
officeqa-uid0138,UID0138,failed,officeqa-big-runner-01,,193.66,26169,25,0,0,False,/Users/jwalinshah/projects/officeqa-arena/results/runner_pool/pool-20260402T094504Z/deep_trials/reports/UID0138.json,/Users/jwalinshah/projects/officeqa-arena/results/runner_pool/pool-20260402T094504Z/deep_trials/reports/UID0138.md,/Users/jwalinshah/projects/officeqa-arena/results/runner_pool/pool-20260402T094504Z/deep_trials/events/UID0138.jsonl
officeqa-uid0139,UID0139,passed,officeqa-big-runner-01,,201.82,31525,26,1,0,False,/Users/jwalinshah/projects/officeqa-arena/results/runner_pool/pool-20260402T094504Z/deep_trials/reports/UID0139.json,/Users/jwalinshah/projects/officeqa-arena/results/runner_pool/pool-20260402T094504Z/deep_trials/reports/UID0139.md,/Users/jwalinshah/projects/officeqa-arena/results/runner_pool/pool-20260402T094504Z/deep_trials/events/UID0139.jsonl
officeqa-uid0140,UID0140,failed,officeqa-big-runner-01,,842.455,74604,99,1,1,False,/Users/jwalinshah/projects/officeqa-arena/results/runner_pool/pool-20260402T094504Z/deep_trials/reports/UID0140.json,/Users/jwalinshah/projects/officeqa-arena/results/runner_pool/pool-20260402T094504Z/deep_trials/reports/UID0140.md,/Users/jwalinshah/projects/officeqa-arena/results/runner_pool/pool-20260402T094504Z/deep_trials/events/UID0140.jsonl
officeqa-uid0141,UID0141,failed,officeqa-big-runner-02,,165.535,31623,23,1,1,False,/Users/jwalinshah/projects/officeqa-arena/results/runner_pool/pool-20260402T094504Z/deep_trials/reports/UID0141.json,/Users/jwalinshah/projects/officeqa-arena/results/runner_pool/pool-20260402T094504Z/deep_trials/reports/UID0141.md,/Users/jwalinshah/projects/officeqa-arena/results/runner_pool/pool-20260402T094504Z/deep_trials/events/UID0141.jsonl
officeqa-uid0142,UID0142,passed,officeqa-big-runner-02,,231.405,18316,14,1,0,False,/Users/jwalinshah/projects/officeqa-arena/results/runner_pool/pool-20260402T094504Z/deep_trials/reports/UID0142.json,/Users/jwalinshah/projects/officeqa-arena/results/runner_pool/pool-20260402T094504Z/deep_trials/reports/UID0142.md,/Users/jwalinshah/projects/officeqa-arena/results/runner_pool/pool-20260402T094504Z/deep_trials/events/UID0142.jsonl
officeqa-uid0143,UID0143,passed,officeqa-big-runner-02,,362.089,76173,35,1,1,False,/Users/jwalinshah/projects/officeqa-arena/results/runner_pool/pool-20260402T094504Z/deep_trials/reports/UID0143.json,/Users/jwalinshah/projects/officeqa-arena/results/runner_pool/pool-20260402T094504Z/deep_trials/reports/UID0143.md,/Users/jwalinshah/projects/officeqa-arena/results/runner_pool/pool-20260402T094504Z/deep_trials/events/UID0143.jsonl
officeqa-uid0144,UID0144,failed,officeqa-big-runner-02,,546.139,108528,57,0,0,False,/Users/jwalinshah/projects/officeqa-arena/results/runner_pool/pool-20260402T094504Z/deep_trials/reports/UID0144.json,/Users/jwalinshah/projects/officeqa-arena/results/runner_pool/pool-20260402T094504Z/deep_trials/reports/UID0144.md,/Users/jwalinshah/projects/officeqa-arena/results/runner_pool/pool-20260402T094504Z/deep_trials/events/UID0144.jsonl
officeqa-uid0145,UID0145,passed,officeqa-big-runner-01,,190.67,38482,24,1,0,False,/Users/jwalinshah/projects/officeqa-arena/results/runner_pool/pool-20260402T094504Z/deep_trials/reports/UID0145.json,/Users/jwalinshah/projects/officeqa-arena/results/runner_pool/pool-20260402T094504Z/deep_trials/reports/UID0145.md,/Users/jwalinshah/projects/officeqa-arena/results/runner_pool/pool-20260402T094504Z/deep_trials/events/UID0145.jsonl
officeqa-uid0146,UID0146,failed,officeqa-big-runner-01,,119.779,21835,7,1,0,False,/Users/jwalinshah/projects/officeqa-arena/results/runner_pool/pool-20260402T094504Z/deep_trials/reports/UID0146.json,/Users/jwalinshah/projects/officeqa-arena/results/runner_pool/pool-20260402T094504Z/deep_trials/reports/UID0146.md,/Users/jwalinshah/projects/officeqa-arena/results/runner_pool/pool-20260402T094504Z/deep_trials/events/UID0146.jsonl
officeqa-uid0147,UID0147,passed,officeqa-big-runner-01,,207.6,37182,33,1,0,False,/Users/jwalinshah/projects/officeqa-arena/results/runner_pool/pool-20260402T094504Z/deep_trials/reports/UID0147.json,/Users/jwalinshah/projects/officeqa-arena/results/runner_pool/pool-20260402T094504Z/deep_trials/reports/UID0147.md,/Users/jwalinshah/projects/officeqa-arena/results/runner_pool/pool-20260402T094504Z/deep_trials/events/UID0147.jsonl
officeqa-uid0148,UID0148,passed,officeqa-big-runner-01,,382.083,61728,30,0,0,False,/Users/jwalinshah/projects/officeqa-arena/results/runner_pool/pool-20260402T094504Z/deep_trials/reports/UID0148.json,/Users/jwalinshah/projects/officeqa-arena/results/runner_pool/pool-20260402T094504Z/deep_trials/reports/UID0148.md,/Users/jwalinshah/projects/officeqa-arena/results/runner_pool/pool-20260402T094504Z/deep_trials/events/UID0148.jsonl
officeqa-uid0149,UID0149,failed,officeqa-big-runner-02,,348.306,28132,17,1,1,False,/Users/jwalinshah/projects/officeqa-arena/results/runner_pool/pool-20260402T094504Z/deep_trials/reports/UID0149.json,/Users/jwalinshah/projects/officeqa-arena/results/runner_pool/pool-20260402T094504Z/deep_trials/reports/UID0149.md,/Users/jwalinshah/projects/officeqa-arena/results/runner_pool/pool-20260402T094504Z/deep_trials/events/UID0149.jsonl
officeqa-uid0150,UID0150,failed,officeqa-big-runner-02,,781.746,63047,44,0,0,False,/Users/jwalinshah/projects/officeqa-arena/results/runner_pool/pool-20260402T094504Z/deep_trials/reports/UID0150.json,/Users/jwalinshah/projects/officeqa-arena/results/runner_pool/pool-20260402T094504Z/deep_trials/reports/UID0150.md,/Users/jwalinshah/projects/officeqa-arena/results/runner_pool/pool-20260402T094504Z/deep_trials/events/UID0150.jsonl
officeqa-uid0151,UID0151,passed,officeqa-big-runner-02,,391.181,59479,48,1,0,False,/Users/jwalinshah/projects/officeqa-arena/results/runner_pool/pool-20260402T094504Z/deep_trials/reports/UID0151.json,/Users/jwalinshah/projects/officeqa-arena/results/runner_pool/pool-20260402T094504Z/deep_trials/reports/UID0151.md,/Users/jwalinshah/projects/officeqa-arena/results/runner_pool/pool-20260402T094504Z/deep_trials/events/UID0151.jsonl
officeqa-uid0152,UID0152,passed,officeqa-big-runner-02,,115.901,9924,5,1,0,False,/Users/jwalinshah/projects/officeqa-arena/results/runner_pool/pool-20260402T094504Z/deep_trials/reports/UID0152.json,/Users/jwalinshah/projects/officeqa-arena/results/runner_pool/pool-20260402T094504Z/deep_trials/reports/UID0152.md,/Users/jwalinshah/projects/officeqa-arena/results/runner_pool/pool-20260402T094504Z/deep_trials/events/UID0152.jsonl
officeqa-uid0153,UID0153,failed,officeqa-big-runner-01,,75.056,,0,0,0,True,/Users/jwalinshah/projects/officeqa-arena/results/runner_pool/pool-20260402T094504Z/deep_trials/reports/UID0153.json,/Users/jwalinshah/projects/officeqa-arena/results/runner_pool/pool-20260402T094504Z/deep_trials/reports/UID0153.md,/Users/jwalinshah/projects/officeqa-arena/results/runner_pool/pool-20260402T094504Z/deep_trials/events/UID0153.jsonl
officeqa-uid0154,UID0154,failed,officeqa-big-runner-01,,411.101,45149,31,1,1,False,/Users/jwalinshah/projects/officeqa-arena/results/runner_pool/pool-20260402T094504Z/deep_trials/reports/UID0154.json,/Users/jwalinshah/projects/officeqa-arena/results/runner_pool/pool-20260402T094504Z/deep_trials/reports/UID0154.md,/Users/jwalinshah/projects/officeqa-arena/results/runner_pool/pool-20260402T094504Z/deep_trials/events/UID0154.jsonl
officeqa-uid0155,UID0155,passed,officeqa-big-runner-01,,144.46,16854,18,1,0,False,/Users/jwalinshah/projects/officeqa-arena/results/runner_pool/pool-20260402T094504Z/deep_trials/reports/UID0155.json,/Users/jwalinshah/projects/officeqa-arena/results/runner_pool/pool-20260402T094504Z/deep_trials/reports/UID0155.md,/Users/jwalinshah/projects/officeqa-arena/results/runner_pool/pool-20260402T094504Z/deep_trials/events/UID0155.jsonl
officeqa-uid0156,UID0156,failed,officeqa-big-runner-01,,385.14,27273,34,1,0,False,/Users/jwalinshah/projects/officeqa-arena/results/runner_pool/pool-20260402T094504Z/deep_trials/reports/UID0156.json,/Users/jwalinshah/projects/officeqa-arena/results/runner_pool/pool-20260402T094504Z/deep_trials/reports/UID0156.md,/Users/jwalinshah/projects/officeqa-arena/results/runner_pool/pool-20260402T094504Z/deep_trials/events/UID0156.jsonl
officeqa-uid0157,UID0157,failed,officeqa-big-runner-02,,87.418,6561,0,1,0,False,/Users/jwalinshah/projects/officeqa-arena/results/runner_pool/pool-20260402T094504Z/deep_trials/reports/UID0157.json,/Users/jwalinshah/projects/officeqa-arena/results/runner_pool/pool-20260402T094504Z/deep_trials/reports/UID0157.md,/Users/jwalinshah/projects/officeqa-arena/results/runner_pool/pool-20260402T094504Z/deep_trials/events/UID0157.jsonl
officeqa-uid0158,UID0158,failed,officeqa-big-runner-02,,397.357,50284,13,1,1,False,/Users/jwalinshah/projects/officeqa-arena/results/runner_pool/pool-20260402T094504Z/deep_trials/reports/UID0158.json,/Users/jwalinshah/projects/officeqa-arena/results/runner_pool/pool-20260402T094504Z/deep_trials/reports/UID0158.md,/Users/jwalinshah/projects/officeqa-arena/results/runner_pool/pool-20260402T094504Z/deep_trials/events/UID0158.jsonl
officeqa-uid0159,UID0159,failed,officeqa-big-runner-02,,826.315,52993,86,1,0,False,/Users/jwalinshah/projects/officeqa-arena/results/runner_pool/pool-20260402T094504Z/deep_trials/reports/UID0159.json,/Users/jwalinshah/projects/officeqa-arena/results/runner_pool/pool-20260402T094504Z/deep_trials/reports/UID0159.md,/Users/jwalinshah/projects/officeqa-arena/results/runner_pool/pool-20260402T094504Z/deep_trials/events/UID0159.jsonl
officeqa-uid0160,UID0160,passed,officeqa-big-runner-02,,191.512,25640,18,1,0,False,/Users/jwalinshah/projects/officeqa-arena/results/runner_pool/pool-20260402T094504Z/deep_trials/reports/UID0160.json,/Users/jwalinshah/projects/officeqa-arena/results/runner_pool/pool-20260402T094504Z/deep_trials/reports/UID0160.md,/Users/jwalinshah/projects/officeqa-arena/results/runner_pool/pool-20260402T094504Z/deep_trials/events/UID0160.jsonl
officeqa-uid0161,UID0161,failed,officeqa-big-runner-01,,900.191,,41,0,0,True,/Users/jwalinshah/projects/officeqa-arena/results/runner_pool/pool-20260402T094504Z/deep_trials/reports/UID0161.json,/Users/jwalinshah/projects/officeqa-arena/results/runner_pool/pool-20260402T094504Z/deep_trials/reports/UID0161.md,/Users/jwalinshah/projects/officeqa-arena/results/runner_pool/pool-20260402T094504Z/deep_trials/events/UID0161.jsonl
officeqa-uid0162,UID0162,passed,officeqa-big-runner-01,,311.547,16543,9,1,0,False,/Users/jwalinshah/projects/officeqa-arena/results/runner_pool/pool-20260402T094504Z/deep_trials/reports/UID0162.json,/Users/jwalinshah/projects/officeqa-arena/results/runner_pool/pool-20260402T094504Z/deep_trials/reports/UID0162.md,/Users/jwalinshah/projects/officeqa-arena/results/runner_pool/pool-20260402T094504Z/deep_trials/events/UID0162.jsonl
officeqa-uid0163,UID0163,passed,officeqa-big-runner-01,,74.015,18085,8,1,0,False,/Users/jwalinshah/projects/officeqa-arena/results/runner_pool/pool-20260402T094504Z/deep_trials/reports/UID0163.json,/Users/jwalinshah/projects/officeqa-arena/results/runner_pool/pool-20260402T094504Z/deep_trials/reports/UID0163.md,/Users/jwalinshah/projects/officeqa-arena/results/runner_pool/pool-20260402T094504Z/deep_trials/events/UID0163.jsonl
officeqa-uid0164,UID0164,passed,officeqa-big-runner-01,,178.458,27824,20,1,2,False,/Users/jwalinshah/projects/officeqa-arena/results/runner_pool/pool-20260402T094504Z/deep_trials/reports/UID0164.json,/Users/jwalinshah/projects/officeqa-arena/results/runner_pool/pool-20260402T094504Z/deep_trials/reports/UID0164.md,/Users/jwalinshah/projects/officeqa-arena/results/runner_pool/pool-20260402T094504Z/deep_trials/events/UID0164.jsonl
officeqa-uid0165,UID0165,failed,officeqa-big-runner-02,,900.298,,51,1,0,True,/Users/jwalinshah/projects/officeqa-arena/results/runner_pool/pool-20260402T094504Z/deep_trials/reports/UID0165.json,/Users/jwalinshah/projects/officeqa-arena/results/runner_pool/pool-20260402T094504Z/deep_trials/reports/UID0165.md,/Users/jwalinshah/projects/officeqa-arena/results/runner_pool/pool-20260402T094504Z/deep_trials/events/UID0165.jsonl
officeqa-uid0166,UID0166,failed,officeqa-big-runner-02,,212.468,27891,18,1,0,False,/Users/jwalinshah/projects/officeqa-arena/results/runner_pool/pool-20260402T094504Z/deep_trials/reports/UID0166.json,/Users/jwalinshah/projects/officeqa-arena/results/runner_pool/pool-20260402T094504Z/deep_trials/reports/UID0166.md,/Users/jwalinshah/projects/officeqa-arena/results/runner_pool/pool-20260402T094504Z/deep_trials/events/UID0166.jsonl
officeqa-uid0167,UID0167,passed,officeqa-big-runner-02,,258.06,22702,12,1,0,False,/Users/jwalinshah/projects/officeqa-arena/results/runner_pool/pool-20260402T094504Z/deep_trials/reports/UID0167.json,/Users/jwalinshah/projects/officeqa-arena/results/runner_pool/pool-20260402T094504Z/deep_trials/reports/UID0167.md,/Users/jwalinshah/projects/officeqa-arena/results/runner_pool/pool-20260402T094504Z/deep_trials/events/UID0167.jsonl
officeqa-uid0168,UID0168,failed,officeqa-big-runner-02,,612.003,113644,58,1,1,False,/Users/jwalinshah/projects/officeqa-arena/results/runner_pool/pool-20260402T094504Z/deep_trials/reports/UID0168.json,/Users/jwalinshah/projects/officeqa-arena/results/runner_pool/pool-20260402T094504Z/deep_trials/reports/UID0168.md,/Users/jwalinshah/projects/officeqa-arena/results/runner_pool/pool-20260402T094504Z/deep_trials/events/UID0168.jsonl
officeqa-uid0169,UID0169,passed,officeqa-big-runner-01,,137.765,27231,14,1,0,False,/Users/jwalinshah/projects/officeqa-arena/results/runner_pool/pool-20260402T094504Z/deep_trials/reports/UID0169.json,/Users/jwalinshah/projects/officeqa-arena/results/runner_pool/pool-20260402T094504Z/deep_trials/reports/UID0169.md,/Users/jwalinshah/projects/officeqa-arena/results/runner_pool/pool-20260402T094504Z/deep_trials/events/UID0169.jsonl
officeqa-uid0170,UID0170,failed,officeqa-big-runner-01,,384.089,75933,22,1,1,False,/Users/jwalinshah/projects/officeqa-arena/results/runner_pool/pool-20260402T094504Z/deep_trials/reports/UID0170.json,/Users/jwalinshah/projects/officeqa-arena/results/runner_pool/pool-20260402T094504Z/deep_trials/reports/UID0170.md,/Users/jwalinshah/projects/officeqa-arena/results/runner_pool/pool-20260402T094504Z/deep_trials/events/UID0170.jsonl
officeqa-uid0171,UID0171,passed,officeqa-big-runner-01,,355.136,63802,50,0,0,False,/Users/jwalinshah/projects/officeqa-arena/results/runner_pool/pool-20260402T094504Z/deep_trials/reports/UID0171.json,/Users/jwalinshah/projects/officeqa-arena/results/runner_pool/pool-20260402T094504Z/deep_trials/reports/UID0171.md,/Users/jwalinshah/projects/officeqa-arena/results/runner_pool/pool-20260402T094504Z/deep_trials/events/UID0171.jsonl
officeqa-uid0172,UID0172,failed,officeqa-big-runner-01,,390.272,55340,34,1,0,False,/Users/jwalinshah/projects/officeqa-arena/results/runner_pool/pool-20260402T094504Z/deep_trials/reports/UID0172.json,/Users/jwalinshah/projects/officeqa-arena/results/runner_pool/pool-20260402T094504Z/deep_trials/reports/UID0172.md,/Users/jwalinshah/projects/officeqa-arena/results/runner_pool/pool-20260402T094504Z/deep_trials/events/UID0172.jsonl
officeqa-uid0173,UID0173,passed,officeqa-big-runner-02,,356.988,23660,20,1,1,False,/Users/jwalinshah/projects/officeqa-arena/results/runner_pool/pool-20260402T094504Z/deep_trials/reports/UID0173.json,/Users/jwalinshah/projects/officeqa-arena/results/runner_pool/pool-20260402T094504Z/deep_trials/reports/UID0173.md,/Users/jwalinshah/projects/officeqa-arena/results/runner_pool/pool-20260402T094504Z/deep_trials/events/UID0173.jsonl
officeqa-uid0174,UID0174,passed,officeqa-big-runner-02,,419.845,52640,36,1,1,False,/Users/jwalinshah/projects/officeqa-arena/results/runner_pool/pool-20260402T094504Z/deep_trials/reports/UID0174.json,/Users/jwalinshah/projects/officeqa-arena/results/runner_pool/pool-20260402T094504Z/deep_trials/reports/UID0174.md,/Users/jwalinshah/projects/officeqa-arena/results/runner_pool/pool-20260402T094504Z/deep_trials/events/UID0174.jsonl
officeqa-uid0175,UID0175,failed,officeqa-big-runner-02,,413.524,18677,24,1,2,False,/Users/jwalinshah/projects/officeqa-arena/results/runner_pool/pool-20260402T094504Z/deep_trials/reports/UID0175.json,/Users/jwalinshah/projects/officeqa-arena/results/runner_pool/pool-20260402T094504Z/deep_trials/reports/UID0175.md,/Users/jwalinshah/projects/officeqa-arena/results/runner_pool/pool-20260402T094504Z/deep_trials/events/UID0175.jsonl
officeqa-uid0176,UID0176,passed,officeqa-big-runner-02,,159.424,18916,10,1,1,False,/Users/jwalinshah/projects/officeqa-arena/results/runner_pool/pool-20260402T094504Z/deep_trials/reports/UID0176.json,/Users/jwalinshah/projects/officeqa-arena/results/runner_pool/pool-20260402T094504Z/deep_trials/reports/UID0176.md,/Users/jwalinshah/projects/officeqa-arena/results/runner_pool/pool-20260402T094504Z/deep_trials/events/UID0176.jsonl
officeqa-uid0177,UID0177,passed,officeqa-big-runner-01,,330.559,33311,28,0,1,False,/Users/jwalinshah/projects/officeqa-arena/results/runner_pool/pool-20260402T094504Z/deep_trials/reports/UID0177.json,/Users/jwalinshah/projects/officeqa-arena/results/runner_pool/pool-20260402T094504Z/deep_trials/reports/UID0177.md,/Users/jwalinshah/projects/officeqa-arena/results/runner_pool/pool-20260402T094504Z/deep_trials/events/UID0177.jsonl
officeqa-uid0178,UID0178,passed,officeqa-big-runner-01,,232.61,16391,21,1,1,False,/Users/jwalinshah/projects/officeqa-arena/results/runner_pool/pool-20260402T094504Z/deep_trials/reports/UID0178.json,/Users/jwalinshah/projects/officeqa-arena/results/runner_pool/pool-20260402T094504Z/deep_trials/reports/UID0178.md,/Users/jwalinshah/projects/officeqa-arena/results/runner_pool/pool-20260402T094504Z/deep_trials/events/UID0178.jsonl
officeqa-uid0179,UID0179,failed,officeqa-big-runner-01,,900.221,,165,0,0,True,/Users/jwalinshah/projects/officeqa-arena/results/runner_pool/pool-20260402T094504Z/deep_trials/reports/UID0179.json,/Users/jwalinshah/projects/officeqa-arena/results/runner_pool/pool-20260402T094504Z/deep_trials/reports/UID0179.md,/Users/jwalinshah/projects/officeqa-arena/results/runner_pool/pool-20260402T094504Z/deep_trials/events/UID0179.jsonl
officeqa-uid0180,UID0180,passed,officeqa-big-runner-01,,141.83,12664,1,1,1,False,/Users/jwalinshah/projects/officeqa-arena/results/runner_pool/pool-20260402T094504Z/deep_trials/reports/UID0180.json,/Users/jwalinshah/projects/officeqa-arena/results/runner_pool/pool-20260402T094504Z/deep_trials/reports/UID0180.md,/Users/jwalinshah/projects/officeqa-arena/results/runner_pool/pool-20260402T094504Z/deep_trials/events/UID0180.jsonl
officeqa-uid0181,UID0181,passed,officeqa-big-runner-02,,263.564,37712,26,1,1,False,/Users/jwalinshah/projects/officeqa-arena/results/runner_pool/pool-20260402T094504Z/deep_trials/reports/UID0181.json,/Users/jwalinshah/projects/officeqa-arena/results/runner_pool/pool-20260402T094504Z/deep_trials/reports/UID0181.md,/Users/jwalinshah/projects/officeqa-arena/results/runner_pool/pool-20260402T094504Z/deep_trials/events/UID0181.jsonl
officeqa-uid0182,UID0182,failed,officeqa-big-runner-02,,770.97,68710,52,0,1,False,/Users/jwalinshah/projects/officeqa-arena/results/runner_pool/pool-20260402T094504Z/deep_trials/reports/UID0182.json,/Users/jwalinshah/projects/officeqa-arena/results/runner_pool/pool-20260402T094504Z/deep_trials/reports/UID0182.md,/Users/jwalinshah/projects/officeqa-arena/results/runner_pool/pool-20260402T094504Z/deep_trials/events/UID0182.jsonl
officeqa-uid0183,UID0183,failed,officeqa-big-runner-02,,368.378,42187,31,1,1,False,/Users/jwalinshah/projects/officeqa-arena/results/runner_pool/pool-20260402T094504Z/deep_trials/reports/UID0183.json,/Users/jwalinshah/projects/officeqa-arena/results/runner_pool/pool-20260402T094504Z/deep_trials/reports/UID0183.md,/Users/jwalinshah/projects/officeqa-arena/results/runner_pool/pool-20260402T094504Z/deep_trials/events/UID0183.jsonl
officeqa-uid0184,UID0184,passed,officeqa-big-runner-02,,389.588,106855,27,1,0,False,/Users/jwalinshah/projects/officeqa-arena/results/runner_pool/pool-20260402T094504Z/deep_trials/reports/UID0184.json,/Users/jwalinshah/projects/officeqa-arena/results/runner_pool/pool-20260402T094504Z/deep_trials/reports/UID0184.md,/Users/jwalinshah/projects/officeqa-arena/results/runner_pool/pool-20260402T094504Z/deep_trials/events/UID0184.jsonl
officeqa-uid0185,UID0185,passed,officeqa-big-runner-01,,480.093,84328,52,1,1,False,/Users/jwalinshah/projects/officeqa-arena/results/runner_pool/pool-20260402T094504Z/deep_trials/reports/UID0185.json,/Users/jwalinshah/projects/officeqa-arena/results/runner_pool/pool-20260402T094504Z/deep_trials/reports/UID0185.md,/Users/jwalinshah/projects/officeqa-arena/results/runner_pool/pool-20260402T094504Z/deep_trials/events/UID0185.jsonl
officeqa-uid0186,UID0186,passed,officeqa-big-runner-01,,717.983,73032,54,1,1,False,/Users/jwalinshah/projects/officeqa-arena/results/runner_pool/pool-20260402T094504Z/deep_trials/reports/UID0186.json,/Users/jwalinshah/projects/officeqa-arena/results/runner_pool/pool-20260402T094504Z/deep_trials/reports/UID0186.md,/Users/jwalinshah/projects/officeqa-arena/results/runner_pool/pool-20260402T094504Z/deep_trials/events/UID0186.jsonl
officeqa-uid0187,UID0187,passed,officeqa-big-runner-01,,184.578,32870,21,1,0,False,/Users/jwalinshah/projects/officeqa-arena/results/runner_pool/pool-20260402T094504Z/deep_trials/reports/UID0187.json,/Users/jwalinshah/projects/officeqa-arena/results/runner_pool/pool-20260402T094504Z/deep_trials/reports/UID0187.md,/Users/jwalinshah/projects/officeqa-arena/results/runner_pool/pool-20260402T094504Z/deep_trials/events/UID0187.jsonl
officeqa-uid0188,UID0188,failed,officeqa-big-runner-01,,900.099,,22,0,0,True,/Users/jwalinshah/projects/officeqa-arena/results/runner_pool/pool-20260402T094504Z/deep_trials/reports/UID0188.json,/Users/jwalinshah/projects/officeqa-arena/results/runner_pool/pool-20260402T094504Z/deep_trials/reports/UID0188.md,/Users/jwalinshah/projects/officeqa-arena/results/runner_pool/pool-20260402T094504Z/deep_trials/events/UID0188.jsonl
officeqa-uid0189,UID0189,passed,officeqa-big-runner-02,,371.656,46335,31,1,0,False,/Users/jwalinshah/projects/officeqa-arena/results/runner_pool/pool-20260402T094504Z/deep_trials/reports/UID0189.json,/Users/jwalinshah/projects/officeqa-arena/results/runner_pool/pool-20260402T094504Z/deep_trials/reports/UID0189.md,/Users/jwalinshah/projects/officeqa-arena/results/runner_pool/pool-20260402T094504Z/deep_trials/events/UID0189.jsonl
officeqa-uid0190,UID0190,failed,officeqa-big-runner-02,,109.895,19929,14,1,1,False,/Users/jwalinshah/projects/officeqa-arena/results/runner_pool/pool-20260402T094504Z/deep_trials/reports/UID0190.json,/Users/jwalinshah/projects/officeqa-arena/results/runner_pool/pool-20260402T094504Z/deep_trials/reports/UID0190.md,/Users/jwalinshah/projects/officeqa-arena/results/runner_pool/pool-20260402T094504Z/deep_trials/events/UID0190.jsonl
officeqa-uid0191,UID0191,failed,officeqa-big-runner-02,,255.884,32064,9,1,1,False,/Users/jwalinshah/projects/officeqa-arena/results/runner_pool/pool-20260402T094504Z/deep_trials/reports/UID0191.json,/Users/jwalinshah/projects/officeqa-arena/results/runner_pool/pool-20260402T094504Z/deep_trials/reports/UID0191.md,/Users/jwalinshah/projects/officeqa-arena/results/runner_pool/pool-20260402T094504Z/deep_trials/events/UID0191.jsonl
officeqa-uid0192,UID0192,passed,officeqa-big-runner-02,,454.579,38409,24,1,1,False,/Users/jwalinshah/projects/officeqa-arena/results/runner_pool/pool-20260402T094504Z/deep_trials/reports/UID0192.json,/Users/jwalinshah/projects/officeqa-arena/results/runner_pool/pool-20260402T094504Z/deep_trials/reports/UID0192.md,/Users/jwalinshah/projects/officeqa-arena/results/runner_pool/pool-20260402T094504Z/deep_trials/events/UID0192.jsonl
officeqa-uid0193,UID0193,failed,officeqa-big-runner-01,,853.157,55961,72,1,2,False,/Users/jwalinshah/projects/officeqa-arena/results/runner_pool/pool-20260402T094504Z/deep_trials/reports/UID0193.json,/Users/jwalinshah/projects/officeqa-arena/results/runner_pool/pool-20260402T094504Z/deep_trials/reports/UID0193.md,/Users/jwalinshah/projects/officeqa-arena/results/runner_pool/pool-20260402T094504Z/deep_trials/events/UID0193.jsonl
officeqa-uid0194,UID0194,passed,officeqa-big-runner-01,,212.39,36264,13,1,0,False,/Users/jwalinshah/projects/officeqa-arena/results/runner_pool/pool-20260402T094504Z/deep_trials/reports/UID0194.json,/Users/jwalinshah/projects/officeqa-arena/results/runner_pool/pool-20260402T094504Z/deep_trials/reports/UID0194.md,/Users/jwalinshah/projects/officeqa-arena/results/runner_pool/pool-20260402T094504Z/deep_trials/events/UID0194.jsonl
officeqa-uid0195,UID0195,passed,officeqa-big-runner-01,,392.459,77791,34,1,1,False,/Users/jwalinshah/projects/officeqa-arena/results/runner_pool/pool-20260402T094504Z/deep_trials/reports/UID0195.json,/Users/jwalinshah/projects/officeqa-arena/results/runner_pool/pool-20260402T094504Z/deep_trials/reports/UID0195.md,/Users/jwalinshah/projects/officeqa-arena/results/runner_pool/pool-20260402T094504Z/deep_trials/events/UID0195.jsonl
officeqa-uid0196,UID0196,failed,officeqa-big-runner-01,,299.996,20168,22,1,1,False,/Users/jwalinshah/projects/officeqa-arena/results/runner_pool/pool-20260402T094504Z/deep_trials/reports/UID0196.json,/Users/jwalinshah/projects/officeqa-arena/results/runner_pool/pool-20260402T094504Z/deep_trials/reports/UID0196.md,/Users/jwalinshah/projects/officeqa-arena/results/runner_pool/pool-20260402T094504Z/deep_trials/events/UID0196.jsonl
officeqa-uid0197,UID0197,passed,officeqa-big-runner-02,,150.869,27452,15,1,0,False,/Users/jwalinshah/projects/officeqa-arena/results/runner_pool/pool-20260402T094504Z/deep_trials/reports/UID0197.json,/Users/jwalinshah/projects/officeqa-arena/results/runner_pool/pool-20260402T094504Z/deep_trials/reports/UID0197.md,/Users/jwalinshah/projects/officeqa-arena/results/runner_pool/pool-20260402T094504Z/deep_trials/events/UID0197.jsonl
officeqa-uid0198,UID0198,passed,officeqa-big-runner-02,,738.429,80438,52,1,1,False,/Users/jwalinshah/projects/officeqa-arena/results/runner_pool/pool-20260402T094504Z/deep_trials/reports/UID0198.json,/Users/jwalinshah/projects/officeqa-arena/results/runner_pool/pool-20260402T094504Z/deep_trials/reports/UID0198.md,/Users/jwalinshah/projects/officeqa-arena/results/runner_pool/pool-20260402T094504Z/deep_trials/events/UID0198.jsonl
officeqa-uid0199,UID0199,passed,officeqa-big-runner-02,,318.757,58144,31,1,1,False,/Users/jwalinshah/projects/officeqa-arena/results/runner_pool/pool-20260402T094504Z/deep_trials/reports/UID0199.json,/Users/jwalinshah/projects/officeqa-arena/results/runner_pool/pool-20260402T094504Z/deep_trials/reports/UID0199.md,/Users/jwalinshah/projects/officeqa-arena/results/runner_pool/pool-20260402T094504Z/deep_trials/events/UID0199.jsonl
officeqa-uid0200,UID0200,passed,officeqa-big-runner-02,,266.792,73876,24,1,1,False,/Users/jwalinshah/projects/officeqa-arena/results/runner_pool/pool-20260402T094504Z/deep_trials/reports/UID0200.json,/Users/jwalinshah/projects/officeqa-arena/results/runner_pool/pool-20260402T094504Z/deep_trials/reports/UID0200.md,/Users/jwalinshah/projects/officeqa-arena/results/runner_pool/pool-20260402T094504Z/deep_trials/events/UID0200.jsonl
officeqa-uid0201,UID0201,failed,officeqa-big-runner-01,,468.329,33715,40,1,5,False,/Users/jwalinshah/projects/officeqa-arena/results/runner_pool/pool-20260402T094504Z/deep_trials/reports/UID0201.json,/Users/jwalinshah/projects/officeqa-arena/results/runner_pool/pool-20260402T094504Z/deep_trials/reports/UID0201.md,/Users/jwalinshah/projects/officeqa-arena/results/runner_pool/pool-20260402T094504Z/deep_trials/events/UID0201.jsonl
officeqa-uid0202,UID0202,passed,officeqa-big-runner-01,,483.571,25926,23,0,4,False,/Users/jwalinshah/projects/officeqa-arena/results/runner_pool/pool-20260402T094504Z/deep_trials/reports/UID0202.json,/Users/jwalinshah/projects/officeqa-arena/results/runner_pool/pool-20260402T094504Z/deep_trials/reports/UID0202.md,/Users/jwalinshah/projects/officeqa-arena/results/runner_pool/pool-20260402T094504Z/deep_trials/events/UID0202.jsonl
officeqa-uid0203,UID0203,passed,officeqa-big-runner-01,,326.384,43426,41,1,0,False,/Users/jwalinshah/projects/officeqa-arena/results/runner_pool/pool-20260402T094504Z/deep_trials/reports/UID0203.json,/Users/jwalinshah/projects/officeqa-arena/results/runner_pool/pool-20260402T094504Z/deep_trials/reports/UID0203.md,/Users/jwalinshah/projects/officeqa-arena/results/runner_pool/pool-20260402T094504Z/deep_trials/events/UID0203.jsonl
officeqa-uid0204,UID0204,passed,officeqa-big-runner-01,,123.481,23593,4,1,0,False,/Users/jwalinshah/projects/officeqa-arena/results/runner_pool/pool-20260402T094504Z/deep_trials/reports/UID0204.json,/Users/jwalinshah/projects/officeqa-arena/results/runner_pool/pool-20260402T094504Z/deep_trials/reports/UID0204.md,/Users/jwalinshah/projects/officeqa-arena/results/runner_pool/pool-20260402T094504Z/deep_trials/events/UID0204.jsonl
officeqa-uid0205,UID0205,passed,officeqa-big-runner-02,,562.205,51776,26,1,1,False,/Users/jwalinshah/projects/officeqa-arena/results/runner_pool/pool-20260402T094504Z/deep_trials/reports/UID0205.json,/Users/jwalinshah/projects/officeqa-arena/results/runner_pool/pool-20260402T094504Z/deep_trials/reports/UID0205.md,/Users/jwalinshah/projects/officeqa-arena/results/runner_pool/pool-20260402T094504Z/deep_trials/events/UID0205.jsonl
officeqa-uid0206,UID0206,passed,officeqa-big-runner-02,,120.218,16224,5,1,0,False,/Users/jwalinshah/projects/officeqa-arena/results/runner_pool/pool-20260402T094504Z/deep_trials/reports/UID0206.json,/Users/jwalinshah/projects/officeqa-arena/results/runner_pool/pool-20260402T094504Z/deep_trials/reports/UID0206.md,/Users/jwalinshah/projects/officeqa-arena/results/runner_pool/pool-20260402T094504Z/deep_trials/events/UID0206.jsonl
officeqa-uid0207,UID0207,failed,officeqa-big-runner-02,,157.663,10075,4,1,1,False,/Users/jwalinshah/projects/officeqa-arena/results/runner_pool/pool-20260402T094504Z/deep_trials/reports/UID0207.json,/Users/jwalinshah/projects/officeqa-arena/results/runner_pool/pool-20260402T094504Z/deep_trials/reports/UID0207.md,/Users/jwalinshah/projects/officeqa-arena/results/runner_pool/pool-20260402T094504Z/deep_trials/events/UID0207.jsonl
officeqa-uid0208,UID0208,failed,officeqa-big-runner-02,,900.125,,50,0,0,True,/Users/jwalinshah/projects/officeqa-arena/results/runner_pool/pool-20260402T094504Z/deep_trials/reports/UID0208.json,/Users/jwalinshah/projects/officeqa-arena/results/runner_pool/pool-20260402T094504Z/deep_trials/reports/UID0208.md,/Users/jwalinshah/projects/officeqa-arena/results/runner_pool/pool-20260402T094504Z/deep_trials/events/UID0208.jsonl
officeqa-uid0209,UID0209,failed,officeqa-big-runner-01,,452.954,43635,33,1,1,False,/Users/jwalinshah/projects/officeqa-arena/results/runner_pool/pool-20260402T094504Z/deep_trials/reports/UID0209.json,/Users/jwalinshah/projects/officeqa-arena/results/runner_pool/pool-20260402T094504Z/deep_trials/reports/UID0209.md,/Users/jwalinshah/projects/officeqa-arena/results/runner_pool/pool-20260402T094504Z/deep_trials/events/UID0209.jsonl
officeqa-uid0210,UID0210,failed,officeqa-big-runner-01,,241.051,20232,9,1,0,False,/Users/jwalinshah/projects/officeqa-arena/results/runner_pool/pool-20260402T094504Z/deep_trials/reports/UID0210.json,/Users/jwalinshah/projects/officeqa-arena/results/runner_pool/pool-20260402T094504Z/deep_trials/reports/UID0210.md,/Users/jwalinshah/projects/officeqa-arena/results/runner_pool/pool-20260402T094504Z/deep_trials/events/UID0210.jsonl
officeqa-uid0211,UID0211,passed,officeqa-big-runner-01,,338.649,37022,26,1,2,False,/Users/jwalinshah/projects/officeqa-arena/results/runner_pool/pool-20260402T094504Z/deep_trials/reports/UID0211.json,/Users/jwalinshah/projects/officeqa-arena/results/runner_pool/pool-20260402T094504Z/deep_trials/reports/UID0211.md,/Users/jwalinshah/projects/officeqa-arena/results/runner_pool/pool-20260402T094504Z/deep_trials/events/UID0211.jsonl
officeqa-uid0212,UID0212,passed,officeqa-big-runner-01,,228.181,19082,16,1,2,False,/Users/jwalinshah/projects/officeqa-arena/results/runner_pool/pool-20260402T094504Z/deep_trials/reports/UID0212.json,/Users/jwalinshah/projects/officeqa-arena/results/runner_pool/pool-20260402T094504Z/deep_trials/reports/UID0212.md,/Users/jwalinshah/projects/officeqa-arena/results/runner_pool/pool-20260402T094504Z/deep_trials/events/UID0212.jsonl
officeqa-uid0213,UID0213,failed,officeqa-big-runner-02,,194.185,10053,7,1,1,False,/Users/jwalinshah/projects/officeqa-arena/results/runner_pool/pool-20260402T094504Z/deep_trials/reports/UID0213.json,/Users/jwalinshah/projects/officeqa-arena/results/runner_pool/pool-20260402T094504Z/deep_trials/reports/UID0213.md,/Users/jwalinshah/projects/officeqa-arena/results/runner_pool/pool-20260402T094504Z/deep_trials/events/UID0213.jsonl
officeqa-uid0214,UID0214,passed,officeqa-big-runner-02,,333.502,15862,15,1,1,False,/Users/jwalinshah/projects/officeqa-arena/results/runner_pool/pool-20260402T094504Z/deep_trials/reports/UID0214.json,/Users/jwalinshah/projects/officeqa-arena/results/runner_pool/pool-20260402T094504Z/deep_trials/reports/UID0214.md,/Users/jwalinshah/projects/officeqa-arena/results/runner_pool/pool-20260402T094504Z/deep_trials/events/UID0214.jsonl
officeqa-uid0215,UID0215,failed,officeqa-big-runner-02,,486.846,38673,36,0,1,False,/Users/jwalinshah/projects/officeqa-arena/results/runner_pool/pool-20260402T094504Z/deep_trials/reports/UID0215.json,/Users/jwalinshah/projects/officeqa-arena/results/runner_pool/pool-20260402T094504Z/deep_trials/reports/UID0215.md,/Users/jwalinshah/projects/officeqa-arena/results/runner_pool/pool-20260402T094504Z/deep_trials/events/UID0215.jsonl
officeqa-uid0216,UID0216,failed,officeqa-big-runner-02,,900.252,,62,0,0,True,/Users/jwalinshah/projects/officeqa-arena/results/runner_pool/pool-20260402T094504Z/deep_trials/reports/UID0216.json,/Users/jwalinshah/projects/officeqa-arena/results/runner_pool/pool-20260402T094504Z/deep_trials/reports/UID0216.md,/Users/jwalinshah/projects/officeqa-arena/results/runner_pool/pool-20260402T094504Z/deep_trials/events/UID0216.jsonl
officeqa-uid0217,UID0217,passed,officeqa-big-runner-01,,142.353,51639,27,1,0,False,/Users/jwalinshah/projects/officeqa-arena/results/runner_pool/pool-20260402T094504Z/deep_trials/reports/UID0217.json,/Users/jwalinshah/projects/officeqa-arena/results/runner_pool/pool-20260402T094504Z/deep_trials/reports/UID0217.md,/Users/jwalinshah/projects/officeqa-arena/results/runner_pool/pool-20260402T094504Z/deep_trials/events/UID0217.jsonl
officeqa-uid0218,UID0218,passed,officeqa-big-runner-01,,172.547,30548,11,1,0,False,/Users/jwalinshah/projects/officeqa-arena/results/runner_pool/pool-20260402T094504Z/deep_trials/reports/UID0218.json,/Users/jwalinshah/projects/officeqa-arena/results/runner_pool/pool-20260402T094504Z/deep_trials/reports/UID0218.md,/Users/jwalinshah/projects/officeqa-arena/results/runner_pool/pool-20260402T094504Z/deep_trials/events/UID0218.jsonl
officeqa-uid0219,UID0219,failed,officeqa-big-runner-01,,766.159,51309,38,1,0,False,/Users/jwalinshah/projects/officeqa-arena/results/runner_pool/pool-20260402T094504Z/deep_trials/reports/UID0219.json,/Users/jwalinshah/projects/officeqa-arena/results/runner_pool/pool-20260402T094504Z/deep_trials/reports/UID0219.md,/Users/jwalinshah/projects/officeqa-arena/results/runner_pool/pool-20260402T094504Z/deep_trials/events/UID0219.jsonl
officeqa-uid0220,UID0220,passed,officeqa-big-runner-01,,438.76,36285,34,1,1,False,/Users/jwalinshah/projects/officeqa-arena/results/runner_pool/pool-20260402T094504Z/deep_trials/reports/UID0220.json,/Users/jwalinshah/projects/officeqa-arena/results/runner_pool/pool-20260402T094504Z/deep_trials/reports/UID0220.md,/Users/jwalinshah/projects/officeqa-arena/results/runner_pool/pool-20260402T094504Z/deep_trials/events/UID0220.jsonl
officeqa-uid0221,UID0221,passed,officeqa-big-runner-02,,363.31,13855,15,1,1,False,/Users/jwalinshah/projects/officeqa-arena/results/runner_pool/pool-20260402T094504Z/deep_trials/reports/UID0221.json,/Users/jwalinshah/projects/officeqa-arena/results/runner_pool/pool-20260402T094504Z/deep_trials/reports/UID0221.md,/Users/jwalinshah/projects/officeqa-arena/results/runner_pool/pool-20260402T094504Z/deep_trials/events/UID0221.jsonl
officeqa-uid0222,UID0222,failed,officeqa-big-runner-02,,282.804,28767,22,1,1,False,/Users/jwalinshah/projects/officeqa-arena/results/runner_pool/pool-20260402T094504Z/deep_trials/reports/UID0222.json,/Users/jwalinshah/projects/officeqa-arena/results/runner_pool/pool-20260402T094504Z/deep_trials/reports/UID0222.md,/Users/jwalinshah/projects/officeqa-arena/results/runner_pool/pool-20260402T094504Z/deep_trials/events/UID0222.jsonl
officeqa-uid0223,UID0223,failed,officeqa-big-runner-02,,799.685,51817,36,0,1,False,/Users/jwalinshah/projects/officeqa-arena/results/runner_pool/pool-20260402T094504Z/deep_trials/reports/UID0223.json,/Users/jwalinshah/projects/officeqa-arena/results/runner_pool/pool-20260402T094504Z/deep_trials/reports/UID0223.md,/Users/jwalinshah/projects/officeqa-arena/results/runner_pool/pool-20260402T094504Z/deep_trials/events/UID0223.jsonl
officeqa-uid0224,UID0224,passed,officeqa-big-runner-02,,328.803,31154,18,1,0,False,/Users/jwalinshah/projects/officeqa-arena/results/runner_pool/pool-20260402T094504Z/deep_trials/reports/UID0224.json,/Users/jwalinshah/projects/officeqa-arena/results/runner_pool/pool-20260402T094504Z/deep_trials/reports/UID0224.md,/Users/jwalinshah/projects/officeqa-arena/results/runner_pool/pool-20260402T094504Z/deep_trials/events/UID0224.jsonl
officeqa-uid0225,UID0225,passed,officeqa-big-runner-01,,229.618,36162,12,1,0,False,/Users/jwalinshah/projects/officeqa-arena/results/runner_pool/pool-20260402T094504Z/deep_trials/reports/UID0225.json,/Users/jwalinshah/projects/officeqa-arena/results/runner_pool/pool-20260402T094504Z/deep_trials/reports/UID0225.md,/Users/jwalinshah/projects/officeqa-arena/results/runner_pool/pool-20260402T094504Z/deep_trials/events/UID0225.jsonl
officeqa-uid0226,UID0226,failed,officeqa-big-runner-01,,259.233,15846,8,1,0,False,/Users/jwalinshah/projects/officeqa-arena/results/runner_pool/pool-20260402T094504Z/deep_trials/reports/UID0226.json,/Users/jwalinshah/projects/officeqa-arena/results/runner_pool/pool-20260402T094504Z/deep_trials/reports/UID0226.md,/Users/jwalinshah/projects/officeqa-arena/results/runner_pool/pool-20260402T094504Z/deep_trials/events/UID0226.jsonl
officeqa-uid0227,UID0227,failed,officeqa-big-runner-01,,260.964,31794,18,1,1,False,/Users/jwalinshah/projects/officeqa-arena/results/runner_pool/pool-20260402T094504Z/deep_trials/reports/UID0227.json,/Users/jwalinshah/projects/officeqa-arena/results/runner_pool/pool-20260402T094504Z/deep_trials/reports/UID0227.md,/Users/jwalinshah/projects/officeqa-arena/results/runner_pool/pool-20260402T094504Z/deep_trials/events/UID0227.jsonl
officeqa-uid0228,UID0228,passed,officeqa-big-runner-01,,370.456,38288,30,1,0,False,/Users/jwalinshah/projects/officeqa-arena/results/runner_pool/pool-20260402T094504Z/deep_trials/reports/UID0228.json,/Users/jwalinshah/projects/officeqa-arena/results/runner_pool/pool-20260402T094504Z/deep_trials/reports/UID0228.md,/Users/jwalinshah/projects/officeqa-arena/results/runner_pool/pool-20260402T094504Z/deep_trials/events/UID0228.jsonl
officeqa-uid0229,UID0229,passed,officeqa-big-runner-02,,504.191,28844,27,1,1,False,/Users/jwalinshah/projects/officeqa-arena/results/runner_pool/pool-20260402T094504Z/deep_trials/reports/UID0229.json,/Users/jwalinshah/projects/officeqa-arena/results/runner_pool/pool-20260402T094504Z/deep_trials/reports/UID0229.md,/Users/jwalinshah/projects/officeqa-arena/results/runner_pool/pool-20260402T094504Z/deep_trials/events/UID0229.jsonl
officeqa-uid0230,UID0230,passed,officeqa-big-runner-02,,419.947,33993,17,1,2,False,/Users/jwalinshah/projects/officeqa-arena/results/runner_pool/pool-20260402T094504Z/deep_trials/reports/UID0230.json,/Users/jwalinshah/projects/officeqa-arena/results/runner_pool/pool-20260402T094504Z/deep_trials/reports/UID0230.md,/Users/jwalinshah/projects/officeqa-arena/results/runner_pool/pool-20260402T094504Z/deep_trials/events/UID0230.jsonl
officeqa-uid0231,UID0231,passed,officeqa-big-runner-02,,540.089,50329,33,1,2,False,/Users/jwalinshah/projects/officeqa-arena/results/runner_pool/pool-20260402T094504Z/deep_trials/reports/UID0231.json,/Users/jwalinshah/projects/officeqa-arena/results/runner_pool/pool-20260402T094504Z/deep_trials/reports/UID0231.md,/Users/jwalinshah/projects/officeqa-arena/results/runner_pool/pool-20260402T094504Z/deep_trials/events/UID0231.jsonl
officeqa-uid0232,UID0232,passed,officeqa-big-runner-02,,164.774,31731,16,1,0,False,/Users/jwalinshah/projects/officeqa-arena/results/runner_pool/pool-20260402T094504Z/deep_trials/reports/UID0232.json,/Users/jwalinshah/projects/officeqa-arena/results/runner_pool/pool-20260402T094504Z/deep_trials/reports/UID0232.md,/Users/jwalinshah/projects/officeqa-arena/results/runner_pool/pool-20260402T094504Z/deep_trials/events/UID0232.jsonl
officeqa-uid0233,UID0233,failed,officeqa-big-runner-01,,867.627,81516,63,1,3,False,/Users/jwalinshah/projects/officeqa-arena/results/runner_pool/pool-20260402T094504Z/deep_trials/reports/UID0233.json,/Users/jwalinshah/projects/officeqa-arena/results/runner_pool/pool-20260402T094504Z/deep_trials/reports/UID0233.md,/Users/jwalinshah/projects/officeqa-arena/results/runner_pool/pool-20260402T094504Z/deep_trials/events/UID0233.jsonl
officeqa-uid0234,UID0234,passed,officeqa-big-runner-01,,185.8,38404,21,1,1,False,/Users/jwalinshah/projects/officeqa-arena/results/runner_pool/pool-20260402T094504Z/deep_trials/reports/UID0234.json,/Users/jwalinshah/projects/officeqa-arena/results/runner_pool/pool-20260402T094504Z/deep_trials/reports/UID0234.md,/Users/jwalinshah/projects/officeqa-arena/results/runner_pool/pool-20260402T094504Z/deep_trials/events/UID0234.jsonl
officeqa-uid0235,UID0235,passed,officeqa-big-runner-01,,170.89,14184,20,1,0,False,/Users/jwalinshah/projects/officeqa-arena/results/runner_pool/pool-20260402T094504Z/deep_trials/reports/UID0235.json,/Users/jwalinshah/projects/officeqa-arena/results/runner_pool/pool-20260402T094504Z/deep_trials/reports/UID0235.md,/Users/jwalinshah/projects/officeqa-arena/results/runner_pool/pool-20260402T094504Z/deep_trials/events/UID0235.jsonl
officeqa-uid0236,UID0236,passed,officeqa-big-runner-01,,139.533,35659,16,1,1,False,/Users/jwalinshah/projects/officeqa-arena/results/runner_pool/pool-20260402T094504Z/deep_trials/reports/UID0236.json,/Users/jwalinshah/projects/officeqa-arena/results/runner_pool/pool-20260402T094504Z/deep_trials/reports/UID0236.md,/Users/jwalinshah/projects/officeqa-arena/results/runner_pool/pool-20260402T094504Z/deep_trials/events/UID0236.jsonl
officeqa-uid0237,UID0237,failed,officeqa-big-runner-02,,640.806,35697,23,1,0,False,/Users/jwalinshah/projects/officeqa-arena/results/runner_pool/pool-20260402T094504Z/deep_trials/reports/UID0237.json,/Users/jwalinshah/projects/officeqa-arena/results/runner_pool/pool-20260402T094504Z/deep_trials/reports/UID0237.md,/Users/jwalinshah/projects/officeqa-arena/results/runner_pool/pool-20260402T094504Z/deep_trials/events/UID0237.jsonl
officeqa-uid0238,UID0238,failed,officeqa-big-runner-02,,334.892,31125,11,1,0,False,/Users/jwalinshah/projects/officeqa-arena/results/runner_pool/pool-20260402T094504Z/deep_trials/reports/UID0238.json,/Users/jwalinshah/projects/officeqa-arena/results/runner_pool/pool-20260402T094504Z/deep_trials/reports/UID0238.md,/Users/jwalinshah/projects/officeqa-arena/results/runner_pool/pool-20260402T094504Z/deep_trials/events/UID0238.jsonl
officeqa-uid0239,UID0239,failed,officeqa-big-runner-02,,277.565,16754,10,1,0,False,/Users/jwalinshah/projects/officeqa-arena/results/runner_pool/pool-20260402T094504Z/deep_trials/reports/UID0239.json,/Users/jwalinshah/projects/officeqa-arena/results/runner_pool/pool-20260402T094504Z/deep_trials/reports/UID0239.md,/Users/jwalinshah/projects/officeqa-arena/results/runner_pool/pool-20260402T094504Z/deep_trials/events/UID0239.jsonl
officeqa-uid0240,UID0240,failed,officeqa-big-runner-02,,485.572,13978,10,1,0,False,/Users/jwalinshah/projects/officeqa-arena/results/runner_pool/pool-20260402T094504Z/deep_trials/reports/UID0240.json,/Users/jwalinshah/projects/officeqa-arena/results/runner_pool/pool-20260402T094504Z/deep_trials/reports/UID0240.md,/Users/jwalinshah/projects/officeqa-arena/results/runner_pool/pool-20260402T094504Z/deep_trials/events/UID0240.jsonl
officeqa-uid0241,UID0241,passed,officeqa-big-runner-01,,169.762,11727,9,1,1,False,/Users/jwalinshah/projects/officeqa-arena/results/runner_pool/pool-20260402T094504Z/deep_trials/reports/UID0241.json,/Users/jwalinshah/projects/officeqa-arena/results/runner_pool/pool-20260402T094504Z/deep_trials/reports/UID0241.md,/Users/jwalinshah/projects/officeqa-arena/results/runner_pool/pool-20260402T094504Z/deep_trials/events/UID0241.jsonl
officeqa-uid0242,UID0242,passed,officeqa-big-runner-01,,409.241,26584,17,1,1,False,/Users/jwalinshah/projects/officeqa-arena/results/runner_pool/pool-20260402T094504Z/deep_trials/reports/UID0242.json,/Users/jwalinshah/projects/officeqa-arena/results/runner_pool/pool-20260402T094504Z/deep_trials/reports/UID0242.md,/Users/jwalinshah/projects/officeqa-arena/results/runner_pool/pool-20260402T094504Z/deep_trials/events/UID0242.jsonl
officeqa-uid0243,UID0243,failed,officeqa-big-runner-01,,188.254,22083,8,1,1,False,/Users/jwalinshah/projects/officeqa-arena/results/runner_pool/pool-20260402T094504Z/deep_trials/reports/UID0243.json,/Users/jwalinshah/projects/officeqa-arena/results/runner_pool/pool-20260402T094504Z/deep_trials/reports/UID0243.md,/Users/jwalinshah/projects/officeqa-arena/results/runner_pool/pool-20260402T094504Z/deep_trials/events/UID0243.jsonl
officeqa-uid0244,UID0244,failed,officeqa-big-runner-01,,336.361,52271,20,1,0,False,/Users/jwalinshah/projects/officeqa-arena/results/runner_pool/pool-20260402T094504Z/deep_trials/reports/UID0244.json,/Users/jwalinshah/projects/officeqa-arena/results/runner_pool/pool-20260402T094504Z/deep_trials/reports/UID0244.md,/Users/jwalinshah/projects/officeqa-arena/results/runner_pool/pool-20260402T094504Z/deep_trials/events/UID0244.jsonl
officeqa-uid0245,UID0245,failed,officeqa-big-runner-02,,463.888,14856,12,1,1,False,/Users/jwalinshah/projects/officeqa-arena/results/runner_pool/pool-20260402T094504Z/deep_trials/reports/UID0245.json,/Users/jwalinshah/projects/officeqa-arena/results/runner_pool/pool-20260402T094504Z/deep_trials/reports/UID0245.md,/Users/jwalinshah/projects/officeqa-arena/results/runner_pool/pool-20260402T094504Z/deep_trials/events/UID0245.jsonl
officeqa-uid0246,UID0246,failed,officeqa-big-runner-02,,898.621,66769,33,1,0,False,/Users/jwalinshah/projects/officeqa-arena/results/runner_pool/pool-20260402T094504Z/deep_trials/reports/UID0246.json,/Users/jwalinshah/projects/officeqa-arena/results/runner_pool/pool-20260402T094504Z/deep_trials/reports/UID0246.md,/Users/jwalinshah/projects/officeqa-arena/results/runner_pool/pool-20260402T094504Z/deep_trials/events/UID0246.jsonl
